Workbook

Sheet FAMILY Ancona
A1: ANCONA CENTRO | B1: Column2 | C1: NEGOZIO DI RIFERIMENTO | D1: Column4 | E1: Column5 | F1: SELEZIONARE ESITO DAL MENÙ A TENDINA E | G1: Column7 | H1: Column8 | I1: Column9 | J1: Column10 | K1: Column11 | L1: Column12 | M1: Column13 | N1: Column14 | O1: Column15 | P1: Column16 | Q1: Column17
F2: AGGIUNGERE UN COMMENTO
A3: OPERATORE | B3: DATA | C3: TITOLO | D3: SIM | E3: TELEFONO | F3: DATA DI SCADENZA | G3: ESITO | H3: ESITO BO | I3: NOTE BO | J3: ESITO SUITE
A4: SOFIA BRASCA | B4: 04/11/2025 | C4: ATTIVAZIONE CONVERGENZA FISSO - MOBILE | D4: 8939108640011146615 | E4: 3477127668 | F4: 45995 | G4: INSERITA IN FAMIGLIA | J4: OK | K4: SCADUTA | L4: SCADUTA | M4: NON SCADUTA | O4: TIPOLOGIA | Q4: INSERITA IN FAMIGLIA
A5: SOFIA BRASCA | B5: 10/11/2025 | C5: ATTIVAZIONE CONVERGENZA FISSO - MOBILE | D5: 8939108640011147548 | E5: 3498794712 | F5: 46001 | G5: INSERITA IN FAMIGLIA | J5: OK | K5: SCADUTA | L5: ATTIVITÀ SCADUTA | M5: INSERITA IN FAMIGLIA | O5: SCADUTA | Q5: IN ATTESA DI NORMALIZZAZIONE
A6: SOFIA BRASCA | B6: 12/11/2025 | C6: ATTIVAZIONE CONVERGENZA FISSO - MOBILE | D6: 8939108660014734977 | E6: 3463761338 | F6: 46003 | G6: INSERITA IN FAMIGLIA | J6: OK | K6: SCADUTA | M6: IN ATTESA DI NORMALIZZAZIONE | O6: NON SCADUTA | Q6: NON NORMALIZZABILE
A7: SOFIA BRASCA | B7: 14/11/2025 | C7: ATTIVAZIONE CONVERGENZA FISSO - MOBILE | D7: 8939108660014734522 | E7: 3512475862 | F7: 46011 | G7: IN ATTESA DI NORMALIZZAZIONE | H7: NON NORMALIZZABILE | J7: DA ELIMINARE | K7: SCADUTA | M7: NON NORMALIZZABILE | Q7: MNP OUT
A8: SOFIA BRASCA | B8: 14/11/2025 | C8: ATTIVAZIONE CONVERGENZA FISSO - MOBILE | D8: 8939108660014734274 | E8: 3385335492 | F8: 46005 | G8: INSERITA IN FAMIGLIA | J8: OK | K8: SCADUTA | M8: MNP OUT
A9: GABRIELE MALATESTA | B9: 26/11/2025 | C9: ATTIVAZIONE CONVERGENZA FISSO - MOBILE | D9: 8939108660014734720 | E9: 3425275610 | F9: 46011 | G9: IN ATTESA DI NORMALIZZAZIONE | H9: NON NORMALIZZABILE | J9: DA ELIMINARE | K9: SCADUTA

Sheet MNP Ancona
A1: ANCONA CENTRO | B1: Column2 | C1: NEGOZIO DI RIFERIMENTO | D1: Column4 | E1: Column5 | F1: Column6 | G1: Column7 | H1: SELEZIONARE ESITO DAL MENÙ A TENDINA E | I1: Column9 | J1: Column10 | K1: Column11 | L1: Column12 | M1: Column13 | N1: Column14 | O1: Column15 | P1: Column16 | Q1: Column17 | R1: Column18 | S1: Column19 | T1: Column20 | U1: Column21 | V1: Column22 | W1: Column23
H2: AGGIUNGERE UN COMMENTO
A3: OPERATORE | B3: DATA | C3: TITOLO | D3: SIM | E3: TELEFONO | F3: VIRTUALE | G3: DATA DI SCADENZA MNP | H3: DATA DI SCADENZA T+1 | I3: ESITO MNP | J3: ESITO RINNOVO T+1 | K3: ESITO BO | L3: NOTE BO | M3: ESITO SUITE
A4: ORAZIO CARDILE | B4: 01/11/2025 | C4: ATTIVAZIONE SIM MNP - MASSMARKET | D4: 8939108640011146193 | E4: 3288691547 | F4: SI | G4: 45992 | H4: 46002 | I4: MNP EFFETTUATA | J4: RINNOVO EFFETTUATO | M4: OK | N4: SCADUTA | O4: SCADUTA | P4: SCADUTA | Q4: NON SCADUTA | R4: GESTIONE NON ATTIVA | S4: TIPOLOGIA | T4: NON SCADUTA T1 | U4: MNP EFFETTUATA | V4: ESITO BO
A5: SOFIA BRASCA | B5: 01/11/2025 | C5: ATTIVAZIONE SIM MNP - MASSMARKET | D5: 8939108640011146805 | E5: 3393924889 | F5: SI | G5: 45992 | H5: 46002 | I5: MNP EFFETTUATA | J5: RINNOVO EFFETTUATO | M5: OK | N5: SCADUTA | O5: SCADUTA | P5: ATTIVITÀ SCADUTA | Q5: MNP EFFETTUATA | S5: SCADUTA | T5: RINNOVO EFFETTUATO | U5: IN ATTESA DI NORMALIZZAZIONE | V5: OK
A6: GABRIELE MALATESTA | B6: 03/11/2025 | C6: ATTIVAZIONE SIM MNP - MASSMARKET | D6: 8939108640011145971 | E6: 3896942123 | F6: NO | G6: 45994 | H6: 46004 | I6: MNP EFFETTUATA | J6: RINNOVO EFFETTUATO | M6: OK | N6: SCADUTA | O6: SCADUTA | P6: GESTIONE NON ATTIVA | Q6: IN ATTESA DI NORMALIZZAZIONE | S6: NON SCADUTA | T6: SOTTO CREDITO | U6: NON NORMALIZZABILE | V6: IN ATTESA DI NORMALIZZAZIONE
A7: DIMITRI MAZZOCCANTI | B7: 03/11/2025 | C7: ATTIVAZIONE SIM MNP - MASSMARKET | D7: 8939108640011146383 | E7: 3511222103 | F7: NO | G7: 45994 | H7: 46004 | I7: MNP EFFETTUATA | J7: RINNOVO EFFETTUATO | M7: OK | N7: SCADUTA | O7: SCADUTA | Q7: NON NORMALIZZABILE | S7: GESTIONE NON ATTIVA | T7: MNP OUT | U7: MNP OUT | V7: NON NORMALIZZABILE
A8: ORAZIO CARDILE | B8: 04/11/2025 | C8: SIM SCONTATA - ATTIVAZIONE SIM MNP - CONV. FISSO - MOBILE | D8: 8939108640011147233 | E8: 3936002316 | F8: NO | G8: 45995 | H8: 46005 | I8: MNP OUT | J8: NON NORMALIZZABILE | M8: DA ELIMINARE | N8: SCADUTA | O8: SCADUTA | Q8: MNP OUT | T8: NON NORMALIZZABILE | V8: MNP OUT
A9: ORAZIO CARDILE | B9: 06/11/2025 | C9: SIM SCONTATA - ATTIVAZIONE SIM MNP - CONV. FISSO - MOBILE | D9: 8939108640011147225 | E9: 3508006332 | F9: SI | G9: 45997 | H9: 46007 | I9: NON NORMALIZZABILE | J9: RINNOVO EFFETTUATO | K9: NON NORMALIZZABILE | M9: DA ELIMINARE | N9: SCADUTA | O9: SCADUTA
A10: DIMITRI MAZZOCCANTI | B10: 08/11/2025 | C10: ATTIVAZIONE SIM MNP - MASSMARKET | D10: 8939108660005277093 | E10: 3512608457 | F10: NO | G10: 45999 | H10: 46009 | I10: MNP EFFETTUATA | J10: RINNOVO EFFETTUATO | M10: OK | N10: SCADUTA | O10: SCADUTA
A11: ORAZIO CARDILE | B11: 08/11/2025 | C11: SIM SCONTATA - ATTIVAZIONE SIM MNP - CONV. FISSO - MOBILE | D11: 8939108640011146565 | E11: 3393952131 | F11: NO | G11: 45999 | H11: 46009 | I11: MNP EFFETTUATA | J11: RINNOVO EFFETTUATO | M11: OK | N11: SCADUTA | O11: SCADUTA
A12: ORAZIO CARDILE | B12: 08/11/2025 | C12: SIM SCONTATA - ATTIVAZIONE SIM MNP - CONV. FISSO - MOBILE | D12: 8939108630011265481 | E12: 3402742326 | F12: NO | G12: 45999 | H12: 46009 | I12: MNP EFFETTUATA | J12: RINNOVO EFFETTUATO | M12: OK | N12: SCADUTA | O12: SCADUTA
A13: GABRIELE MALATESTA | B13: 11/11/2025 | C13: ATTIVAZIONE SIM MNP - MASSMARKET | D13: 8939108640011146409 | E13: 3248013841 | F13: NO | G13: 46002 | H13: 46012 | I13: MNP EFFETTUATA | J13: RINNOVO EFFETTUATO | M13: OK | N13: SCADUTA | O13: SCADUTA
A14: SOFIA BRASCA | B14: 14/11/2025 | C14: ATTIVAZIONE SIM MNP - MASSMARKET | D14: 8939108660014734548 | E14: 3341467772 | F14: NO | G14: 46005 | H14: 46015 | I14: MNP EFFETTUATA | J14: RINNOVO EFFETTUATO | M14: OK | N14: SCADUTA | O14: SCADUTA
A15: SOFIA BRASCA | B15: 14/11/2025 | C15: ATTIVAZIONE SIM MNP - MASSMARKET | D15: 8939108660014735131 | E15: 3935711739 | F15: NO | G15: 46005 | H15: 46015 | I15: MNP EFFETTUATA | J15: RINNOVO EFFETTUATO | M15: OK | N15: SCADUTA | O15: SCADUTA
A16: SOFIA BRASCA | B16: 14/11/2025 | C16: ATTIVAZIONE SIM MNP - CONVERGENZA FISSO - MOBILE | D16: 8939108660014734274 | E16: 3385335492 | F16: NO | G16: 46005 | H16: 46015 | I16: MNP EFFETTUATA | J16: RINNOVO EFFETTUATO | M16: OK | N16: SCADUTA | O16: SCADUTA
A17: GABRIELE MALATESTA | B17: 15/11/2025 | C17: ATTIVAZIONE SIM MNP - MASSMARKET | D17: 8939108640011146904 | E17: 3473029316 | F17: SI | G17: 46006 | H17: 46016 | I17: MNP EFFETTUATA | J17: RINNOVO EFFETTUATO | M17: OK | N17: SCADUTA | O17: SCADUTA
A18: GABRIELE MALATESTA | B18: 18/11/2025 | C18: ATTIVAZIONE SIM MNP - MASSMARKET | D18: 8939108640011146128 | E18: 3510761292 | F18: SI | G18: 46006 | H18: 46019 | I18: NON NORMALIZZABILE | J18: RINNOVO EFFETTUATO | K18: NON NORMALIZZABILE | M18: DA ELIMINARE | N18: SCADUTA | O18: SCADUTA
A19: ORAZIO CARDILE | B19: 18/11/2025 | C19: ATTIVAZIONE SIM MNP - MASSMARKET | D19: 8939108640011146391 | E19: 3476998795 | F19: SI | G19: 46006 | H19: 46019 | I19: MNP EFFETTUATA | J19: RINNOVO EFFETTUATO | M19: OK | N19: SCADUTA | O19: SCADUTA
A20: GABRIELE MALATESTA | B20: 18/11/2025 | C20: ATTIVAZIONE SIM MNP - FASTWEB | D20: 8939080000125201628 | E20: 3770859843 | F20: NO | G20: 46006 | H20: 46019 | I20: MNP EFFETTUATA | J20: RINNOVO EFFETTUATO | M20: OK | N20: SCADUTA | O20: SCADUTA
A21: SOFIA BRASCA | B21: 19/11/2025 | C21: ATTIVAZIONE SIM MNP - MASSMARKET | D21: 8939108640011147266 | E21: 3400045897 | F21: SI | G21: 46006 | H21: 46020 | I21: MNP EFFETTUATA | J21: RINNOVO EFFETTUATO | M21: OK | N21: SCADUTA | O21: SCADUTA
A22: SOFIA BRASCA | B22: 20/11/2025 | C22: ATTIVAZIONE SIM MNP - MASSMARKET | D22: 8939108660014735057 | E22: 3331800910 | F22: NO | G22: 46006 | H22: 46021 | I22: MNP EFFETTUATA | J22: RINNOVO EFFETTUATO | M22: OK | N22: SCADUTA | O22: SCADUTA
A23: SOFIA BRASCA | B23: 22/11/2025 | C23: SIM SCONTATA - ATTIVAZIONE SIM MNP - CONV. FISSO - MOBILE | D23: 8939108660014734845 | E23: 3929258698 | F23: NO | G23: 46006 | H23: 46023 | I23: MNP EFFETTUATA | J23: RINNOVO EFFETTUATO | M23: OK | N23: SCADUTA | O23: SCADUTA
A24: ORAZIO CARDILE | B24: 24/11/2025 | C24: SIM SCONTATA - ATTIVAZIONE SIM MNP - CONV. FISSO - MOBILE | D24: 8939010002191099146 | E24: 3476717093 | F24: NO | G24: 46006 | H24: 46025 | I24: MNP EFFETTUATA | J24: RINNOVO EFFETTUATO | M24: OK | N24: SCADUTA | O24: SCADUTA
A25: ORAZIO CARDILE | B25: 25/11/2025 | C25: ATTIVAZIONE SIM MNP - MASSMARKET | D25: 8939108660014734613 | E25: 3921673834 | F25: NO | G25: 46006 | H25: 46026 | I25: MNP EFFETTUATA | J25: RINNOVO EFFETTUATO | M25: OK | N25: SCADUTA | O25: SCADUTA
A26: SOFIA BRASCA | B26: 25/11/2025 | C26: SIM SCONTATA - ATTIVAZIONE SIM MNP - CONV. FISSO - MOBILE | D26: 8939108660014733946 | E26: 3476717093 | F26: NO | G26: 46006 | H26: 46026 | I26: MNP EFFETTUATA | J26: RINNOVO EFFETTUATO | M26: OK | N26: SCADUTA | O26: SCADUTA
A27: ORAZIO CARDILE | B27: 25/11/2025 | C27: SIM SCONTATA - ATTIVAZIONE SIM MNP - CONV. FISSO - MOBILE | D27: 8939108660014734621 | E27: 3483655633 | F27: SI | G27: 46006 | H27: 46026 | I27: MNP EFFETTUATA | J27: RINNOVO EFFETTUATO | M27: OK | N27: SCADUTA | O27: SCADUTA
A28: ORAZIO CARDILE | B28: 27/11/2025 | C28: ATTIVAZIONE SIM MNP - MASSMARKET | D28: 8939108640011147076 | E28: 3466634607 | F28: NO | G28: 46006 | H28: 46027 | I28: MNP EFFETTUATA | J28: RINNOVO EFFETTUATO | M28: OK | N28: SCADUTA | O28: SCADUTA
A29: GABRIELE MALATESTA | B29: 27/11/2025 | C29: SIM SCONTATA - ATTIVAZIONE SIM MNP - CONV. FISSO - MOBILE | D29: 8939108640011146649 | E29: 3519300868 | F29: NO | G29: 46006 | H29: 46027 | I29: MNP EFFETTUATA | J29: RINNOVO EFFETTUATO | M29: OK | N29: SCADUTA | O29: SCADUTA
A30: GABRIELE MALATESTA | B30: 29/11/2025 | C30: ATTIVAZIONE SIM MNP - MASSMARKET | D30: 8939108660014734035 | E30: 3511721608 | F30: SI | G30: 46006 | H30: 46027 | I30: MNP EFFETTUATA | J30: RINNOVO EFFETTUATO | M30: OK | N30: SCADUTA | O30: SCADUTA
A31: GABRIELE MALATESTA | B31: 29/11/2025 | C31: ATTIVAZIONE SIM MNP - MASSMARKET | D31: 8939108640011147373 | E31: 3472668031 | F31: NO | G31: 46006 | H31: 46027 | I31: MNP EFFETTUATA | J31: RINNOVO EFFETTUATO | M31: OK | N31: SCADUTA | O31: SCADUTA

Sheet MNP Campobasso
A1: CAMPOBASSO | B1: Column2 | C1: NEGOZIO DI RIFERIMENTO | D1: Column4 | E1: Column5 | F1: Column6 | G1: Column7 | H1: SELEZIONARE ESITO DAL MENÙ A TENDINA E | I1: Column9 | J1: Column10 | K1: Column11 | L1: Column12 | M1: Column13 | N1: Column14 | O1: Column15 | P1: Column16 | Q1: Column17 | R1: Column18 | S1: Column19 | T1: Column20 | U1: Column21 | V1: Column22 | W1: Column23
H2: AGGIUNGERE UN COMMENTO
A3: OPERATORE | B3: DATA | C3: TITOLO | D3: SIM | E3: TELEFONO | F3: VIRTUALE | G3: DATA DI SCADENZA MNP | H3: DATA DI SCADENZA T+1 | I3: ESITO MNP | J3: ESITO RINNOVO T+1 | K3: ESITO BO | L3: NOTE BO | M3: ESITO SUITE
A4: EMANUELA CAMPAJOLA | B4: 02/11/2025 | C4: ATTIVAZIONE SIM MNP - CONVERGENZA FISSO - MOBILE | D4: 8939108640011191587 | E4: 3701325074 | F4: SI | G4: 45993 | H4: 46003 | I4: MNP EFFETTUATA | J4: RINNOVO EFFETTUATO | M4: OK | N4: SCADUTA | O4: SCADUTA | P4: SCADUTA | Q4: NON SCADUTA | R4: GESTIONE NON ATTIVA | S4: TIPOLOGIA | T4: NON SCADUTA T1 | U4: MNP EFFETTUATA | V4: ESITO BO
A5: PAOLO FLORIO | B5: 03/11/2025 | C5: ATTIVAZIONE SIM MNP - MASSMARKET | D5: 8939108640012881962 | E5: 3515969360 | F5: SI | G5: 45994 | H5: 46004 | I5: MNP EFFETTUATA | J5: RINNOVO EFFETTUATO | M5: OK | N5: SCADUTA | O5: SCADUTA | P5: ATTIVITÀ SCADUTA | Q5: MNP EFFETTUATA | S5: SCADUTA | T5: RINNOVO EFFETTUATO | U5: IN ATTESA DI NORMALIZZAZIONE | V5: OK
A6: EMANUELA CAMPAJOLA | B6: 04/11/2025 | C6: ATTIVAZIONE SIM MNP - MASSMARKET | D6: 8939108640011191553 | E6: 3890228153 | F6: NO | G6: 45995 | H6: 46005 | I6: MNP EFFETTUATA | J6: RINNOVO EFFETTUATO | M6: OK | N6: SCADUTA | O6: SCADUTA | P6: GESTIONE NON ATTIVA | Q6: IN ATTESA DI NORMALIZZAZIONE | S6: NON SCADUTA | T6: SOTTO CREDITO | U6: NON NORMALIZZABILE | V6: IN ATTESA DI NORMALIZZAZIONE
A7: EMANUELA CAMPAJOLA | B7: 04/11/2025 | C7: ATTIVAZIONE SIM MNP - MASSMARKET | D7: 8939108640011191827 | E7: 3880934403 | F7: NO | G7: 45995 | H7: 46005 | I7: MNP EFFETTUATA | J7: RINNOVO EFFETTUATO | M7: OK | N7: SCADUTA | O7: SCADUTA | Q7: NON NORMALIZZABILE | S7: GESTIONE NON ATTIVA | T7: MNP OUT | U7: MNP OUT | V7: NON NORMALIZZABILE
A8: EMANUELA CAMPAJOLA | B8: 05/11/2025 | C8: ATTIVAZIONE SIM MNP - MASSMARKET | D8: 8939108640012881947 | E8: 3408087142 | F8: NO | G8: 45996 | H8: 46006 | I8: MNP EFFETTUATA | J8: RINNOVO EFFETTUATO | M8: OK | N8: SCADUTA | O8: SCADUTA | Q8: MNP OUT | T8: NON NORMALIZZABILE | V8: MNP OUT
A9: FEDERICO CHIARULLO | B9: 06/11/2025 | C9: ATTIVAZIONE SIM MNP - MASSMARKET | D9: 8939108640011191876 | E9: 3488583880 | F9: NO | G9: 45997 | H9: 46007 | I9: MNP EFFETTUATA | J9: RINNOVO EFFETTUATO | M9: OK | N9: SCADUTA | O9: SCADUTA
A10: ARDUINO MASELLI | B10: 06/11/2025 | C10: ATTIVAZIONE SIM MNP - CONVERGENZA FISSO - MOBILE | D10: 8939108640011192171 | E10: 3497712486 | F10: SI | G10: 45997 | H10: 46007 | I10: MNP EFFETTUATA | J10: RINNOVO EFFETTUATO | M10: OK | N10: SCADUTA | O10: SCADUTA
A11: FEDERICO CHIARULLO | B11: 07/11/2025 | C11: ATTIVAZIONE SIM MNP - MASSMARKET | D11: 8939108640012881798 | E11: 3203688187 | F11: SI | G11: 45998 | H11: 46008 | I11: MNP EFFETTUATA | J11: RINNOVO EFFETTUATO | M11: OK | N11: SCADUTA | O11: SCADUTA
A12: FEDERICO CHIARULLO | B12: 11/11/2025 | C12: ATTIVAZIONE SIM MNP - MASSMARKET | D12: 8939108640011192528 | E12: 3401952097 | F12: NO | G12: 46002 | H12: 46012 | I12: MNP EFFETTUATA | J12: RINNOVO EFFETTUATO | M12: OK | N12: SCADUTA | O12: SCADUTA
A13: FEDERICO CHIARULLO | B13: 11/11/2025 | C13: SIM SCONTATA - ATTIVAZIONE SIM MNP - CONV. FISSO - MOBILE | D13: 8939108640012881921 | E13: 3478430425 | F13: NO | G13: 46002 | H13: 46012 | I13: MNP EFFETTUATA | J13: RINNOVO EFFETTUATO | M13: OK | N13: SCADUTA | O13: SCADUTA
A14: FEDERICO CHIARULLO | B14: 11/11/2025 | C14: ATTIVAZIONE SIM MNP - CONVERGENZA FISSO - MOBILE | D14: 8939108640011192494 | E14: 3279807174 | F14: SI | G14: 46002 | H14: 46012 | I14: MNP EFFETTUATA | J14: RINNOVO EFFETTUATO | M14: OK | N14: SCADUTA | O14: SCADUTA
A15: ARDUINO MASELLI | B15: 12/11/2025 | C15: ATTIVAZIONE SIM MNP - MASSMARKET | D15: 8939108640011192510 | E15: 3929836265 | F15: NO | G15: 46003 | H15: 46013 | I15: MNP EFFETTUATA | J15: RINNOVO EFFETTUATO | M15: OK | N15: SCADUTA | O15: SCADUTA
A16: FEDERICO CHIARULLO | B16: 13/11/2025 | C16: ATTIVAZIONE SIM MNP - MASSMARKET | D16: 8939108660014935749 | E16: 3513854942 | F16: NO | G16: 46004 | H16: 46014 | I16: MNP EFFETTUATA | J16: RINNOVO EFFETTUATO | M16: OK | N16: SCADUTA | O16: SCADUTA
A17: EMANUELA CAMPAJOLA | B17: 14/11/2025 | C17: SIM SCONTATA - ATTIVAZIONE SIM MNP - CONV. FISSO - MOBILE | D17: 8939108660014935772 | E17: 3205740240 | F17: NO | G17: 46005 | H17: 46015 | I17: MNP EFFETTUATA | J17: RINNOVO EFFETTUATO | M17: OK | N17: SCADUTA | O17: SCADUTA
A18: EMANUELA CAMPAJOLA | B18: 14/11/2025 | C18: ATTIVAZIONE SIM MNP - YOUNG | D18: 8939108640011191686 | E18: 3714533782 | F18: NO | G18: 46005 | H18: 46015 | I18: MNP EFFETTUATA | J18: RINNOVO EFFETTUATO | M18: OK | N18: SCADUTA | O18: SCADUTA
A19: EMANUELA CAMPAJOLA | B19: 17/11/2025 | C19: ATTIVAZIONE SIM MNP - MASSMARKET | D19: 8939108660014936010 | E19: 3661967381 | F19: SI | G19: 46006 | H19: 46018 | I19: MNP EFFETTUATA | J19: RINNOVO EFFETTUATO | M19: OK | N19: SCADUTA | O19: SCADUTA
A20: ARDUINO MASELLI | B20: 17/11/2025 | C20: ATTIVAZIONE SIM MNP - MASSMARKET | D20: 8939108660014935426 | E20: 3895636049 | F20: NO | G20: 46006 | H20: 46018 | I20: MNP EFFETTUATA | J20: RINNOVO EFFETTUATO | M20: OK | N20: SCADUTA | O20: SCADUTA
... A33: EMANUELA CAMPAJOLA | B33: 30/11/2025 | C33: ATTIVAZIONE SIM MNP - MASSMARKET | D33: 8939108640012882135 | E33: 3518690537 | F33: SI | G33: 46006 | H33: 46027 | I33: MNP EFFETTUATA | J33: RINNOVO EFFETTUATO | M33: OK | N33: SCADUTA | O33: SCADUTA

Sheet FAMILY Campobasso
A1: CAMPOBASSO | B1: Column2 | C1: NEGOZIO DI RIFERIMENTO | D1: Column4 | E1: Column5 | F1: SELEZIONARE ESITO DAL MENÙ A TENDINA E | G1: Column7 | H1: Column8 | I1: Column9 | J1: Column10 | K1: Column11 | L1: Column12 | M1: Column13 | N1: Column14 | O1: Column15 | P1: Column16 | Q1: Column17
F2: AGGIUNGERE UN COMMENTO
A3: OPERATORE | B3: DATA | C3: TITOLO | D3: SIM | E3: TELEFONO | F3: DATA DI SCADENZA | G3: ESITO | H3: ESITO BO | I3: NOTE BO | J3: ESITO SUITE
A4: EMANUELA CAMPAJOLA | B4: 02/11/2025 | C4: ATTIVAZIONE CONVERGENZA FISSO - MOBILE | D4: 8939108640011191587 | E4: 3701325074 | F4: 45993 | G4: INSERITA IN FAMIGLIA | J4: OK | K4: SCADUTA | L4: SCADUTA | M4: NON SCADUTA | O4: TIPOLOGIA | Q4: INSERITA IN FAMIGLIA
A5: ARDUINO MASELLI | B5: 06/11/2025 | C5: ATTIVAZIONE CONVERGENZA FISSO - MOBILE | D5: 8939108640011192171 | E5: 3497712486 | F5: 45997 | G5: INSERITA IN FAMIGLIA | J5: OK | K5: SCADUTA | L5: ATTIVITÀ SCADUTA | M5: INSERITA IN FAMIGLIA | O5: SCADUTA | Q5: IN ATTESA DI NORMALIZZAZIONE
A6: ARDUINO MASELLI | B6: 11/11/2025 | C6: ATTIVAZIONE CONVERGENZA FISSO - MOBILE | D6: 8939108650000920904 | E6: 3452156916 | F6: 46002 | G6: INSERITA IN FAMIGLIA | J6: OK | K6: SCADUTA | M6: IN ATTESA DI NORMALIZZAZIONE | O6: NON SCADUTA | Q6: NON NORMALIZZABILE
A7: FEDERICO CHIARULLO | B7: 11/11/2025 | C7: ATTIVAZIONE CONVERGENZA FISSO - MOBILE | D7: 8939108640011192494 | E7: 3279807174 | F7: 46002 | G7: INSERITA IN FAMIGLIA | J7: OK | K7: SCADUTA | M7: NON NORMALIZZABILE | Q7: MNP OUT
A8: ARDUINO MASELLI | B8: 23/11/2025 | C8: ATTIVAZIONE CONVERGENZA FISSO - MOBILE | D8: 8939108660014935434 | E8: 3475748999 | F8: 46006 | G8: INSERITA IN FAMIGLIA | J8: OK | K8: SCADUTA | M8: MNP OUT
A9: ARDUINO MASELLI | B9: 29/11/2025 | C9: ATTIVAZIONE CONVERGENZA FISSO - MOBILE | D9: 8939108660014935780 | E9: 3713412240 | F9: 46006 | G9: INSERITA IN FAMIGLIA | J9: OK | K9: SCADUTA

Sheet FAMILY Colonnella
A1: VAL VIBRATA | B1: Column2 | C1: NEGOZIO DI RIFERIMENTO | D1: Column4 | E1: Column5 | F1: SELEZIONARE ESITO DAL MENÙ A TENDINA E | G1: Column7 | H1: Column8 | I1: Column9 | J1: Column10 | K1: Column11 | L1: Column12 | M1: Column13 | N1: Column14 | O1: Column15 | P1: Column16 | Q1: Column17
F2: AGGIUNGERE UN COMMENTO
A3: OPERATORE | B3: DATA | C3: TITOLO | D3: SIM | E3: TELEFONO | F3: DATA DI SCADENZA | G3: ESITO | H3: ESITO BO | I3: NOTE BO | J3: ESITO SUITE
A4: ENRICA ANGELUCCI | B4: 01/11/2025 | C4: ATTIVAZIONE CONVERGENZA FISSO - MOBILE | D4: 8939108640012792714 | E4: 3391287319 | F4: 45992 | K4: SCADUTA | L4: SCADUTA | M4: NON SCADUTA | O4: TIPOLOGIA | Q4: INSERITA IN FAMIGLIA
A5: ENRICA ANGELUCCI | B5: 02/11/2025 | C5: ATTIVAZIONE CONVERGENZA FISSO - MOBILE | D5: 8939108640011144933 | E5: 3473567466 | F5: 45993 | K5: SCADUTA | L5: ATTIVITÀ SCADUTA | M5: INSERITA IN FAMIGLIA | O5: SCADUTA | Q5: IN ATTESA DI NORMALIZZAZIONE
A6: ENRICA ANGELUCCI | B6: 03/11/2025 | C6: ATTIVAZIONE CONVERGENZA FISSO - MOBILE | D6: 8939108650003652108 | E6: 3490859404 | F6: 45994 | K6: SCADUTA | M6: IN ATTESA DI NORMALIZZAZIONE | O6: NON SCADUTA | Q6: NON NORMALIZZABILE
A7: ANDREA VERGALITO | B7: 06/11/2025 | C7: ATTIVAZIONE CONVERGENZA FISSO - MOBILE | D7: 8939108640013553966 | E7: 3472924297 | F7: 45997 | K7: SCADUTA | M7: NON NORMALIZZABILE | Q7: MNP OUT
A8: ENRICA ANGELUCCI | B8: 09/11/2025 | C8: ATTIVAZIONE CONVERGENZA FISSO - MOBILE | D8: 8939108650000901268 | E8: 3498414026 | F8: 46000 | K8: SCADUTA | M8: MNP OUT
A9: ANDREA VERGALITO | B9: 10/11/2025 | C9: ATTIVAZIONE CONVERGENZA FISSO - MOBILE | D9: 8939108640011144040 | E9: 3515539921 | F9: 46001 | K9: SCADUTA
A10: ANDREA VERGALITO | B10: 13/11/2025 | C10: ATTIVAZIONE CONVERGENZA FISSO - MOBILE | D10: 8939108660014739349 | E10: 3469467111 | F10: 46004 | K10: SCADUTA
A11: ENRICA ANGELUCCI | B11: 14/11/2025 | C11: ATTIVAZIONE CONVERGENZA FISSO - MOBILE | D11: 8939108660014739323 | E11: 3489174140 | F11: 46005 | K11: SCADUTA
A12: FEDERICA LACARBONARA | B12: 22/11/2025 | C12: ATTIVAZIONE CONVERGENZA FISSO - MOBILE | D12: 8939108660014739414 | E12: 3661576318 | F12: 46006 | K12: SCADUTA
A13: FEDERICA LACARBONARA | B13: 23/11/2025 | C13: ATTIVAZIONE CONVERGENZA FISSO - MOBILE | D13: 8939108660014740131 | E13: 3272493319 | F13: 46006 | K13: SCADUTA
A14: ENRICA ANGELUCCI | B14: 23/11/2025 | C14: ATTIVAZIONE CONVERGENZA FISSO - MOBILE | D14: 8939108660014739984 | E14: 3804549713 | F14: 46006 | K14: SCADUTA
A15: ENRICA ANGELUCCI | B15: 28/11/2025 | C15: ATTIVAZIONE CONVERGENZA FISSO - MOBILE | D15: 8939108660014740164 | E15: 3474560129 | F15: 46006 | K15: SCADUTA
A16: ANDREA VERGALITO | B16: 30/11/2025 | C16: ATTIVAZIONE CONVERGENZA FISSO - MOBILE | D16: 8939108660014739299 | E16: 3515015780 | F16: 46006 | K16: SCADUTA
A17: ENRICA ANGELUCCI | B17: 30/11/2025 | C17: ATTIVAZIONE CONVERGENZA FISSO - MOBILE | D17: 8939108660014739711 | E17: 3474641293 | F17: 46006 | K17: SCADUTA
A18: ANDREA VERGALITO | B18: 30/11/2025 | C18: ATTIVAZIONE CONVERGENZA FISSO - MOBILE | D18: 8939108660014739240 | E18: 3286263005 | F18: 46006 | K18: SCADUTA
A19: ANDREA VERGALITO | B19: 30/11/2025 | C19: ATTIVAZIONE CONVERGENZA FISSO - MOBILE | D19: 8939108660014739752 | E19: 3458955561 | F19: 46006 | K19: SCADUTA

Sheet MNP Colonnella
A1: VAL VIBRATA | B1: Column2 | C1: NEGOZIO DI RIFERIMENTO | D1: Column4 | E1: Column5 | F1: Column6 | G1: Column7 | H1: SELEZIONARE ESITO DAL MENÙ A TENDINA E | I1: Column9 | J1: Column10 | K1: Column11 | L1: Column12 | M1: Column13 | N1: Column14 | O1: Column15 | P1: Column16 | Q1: Column17 | R1: Column18 | S1: Column19 | T1: Column20 | U1: Column21 | V1: Column22 | W1: Column23
H2: AGGIUNGERE UN COMMENTO
A3: OPERATORE | B3: DATA | C3: TITOLO | D3: SIM | E3: TELEFONO | F3: VIRTUALE | G3: DATA DI SCADENZA MNP | H3: DATA DI SCADENZA T+1 | I3: ESITO MNP | J3: ESITO RINNOVO T+1 | K3: ESITO BO | L3: NOTE BO | M3: ESITO SUITE
A4: ENRICA ANGELUCCI | B4: 01/11/2025 | C4: ATTIVAZIONE SIM MNP - MASSMARKET | D4: 8939108640011144859 | E4: 3295690588 | F4: NO | G4: 45992 | H4: 46002 | N4: SCADUTA | O4: SCADUTA | P4: SCADUTA | Q4: NON SCADUTA | R4: GESTIONE NON ATTIVA | S4: TIPOLOGIA | T4: NON SCADUTA T1 | U4: MNP EFFETTUATA | V4: ESITO BO
A5: FEDERICA LACARBONARA | B5: 01/11/2025 | C5: ATTIVAZIONE SIM MNP - MASSMARKET | D5: 8939108640012795915 | E5: 3497813293 | F5: NO | G5: 45992 | H5: 46002 | N5: SCADUTA | O5: SCADUTA | P5: ATTIVITÀ SCADUTA | Q5: MNP EFFETTUATA | S5: SCADUTA | T5: RINNOVO EFFETTUATO | U5: IN ATTESA DI NORMALIZZAZIONE | V5: OK
A6: ENRICA ANGELUCCI | B6: 01/11/2025 | C6: ATTIVAZIONE SIM MNP - CONVERGENZA FISSO - MOBILE | D6: 8939108640012792714 | E6: 3391287319 | F6: NO | G6: 45992 | H6: 46002 | N6: SCADUTA | O6: SCADUTA | P6: GESTIONE NON ATTIVA | Q6: IN ATTESA DI NORMALIZZAZIONE | S6: NON SCADUTA | T6: SOTTO CREDITO | U6: NON NORMALIZZABILE | V6: IN ATTESA DI NORMALIZZAZIONE
A7: ENRICA ANGELUCCI | B7: 02/11/2025 | C7: ATTIVAZIONE SIM MNP - MASSMARKET | D7: 8939108640012793084 | E7: 3382561536 | F7: NO | G7: 45993 | H7: 46003 | N7: SCADUTA | O7: SCADUTA | Q7: NON NORMALIZZABILE | S7: GESTIONE NON ATTIVA | T7: MNP OUT | U7: MNP OUT | V7: NON NORMALIZZABILE
A8: FEDERICA LACARBONARA | B8: 03/11/2025 | C8: ATTIVAZIONE SIM MNP - MASSMARKET | D8: 8939108640012792656 | E8: 3294266939 | F8: NO | G8: 45994 | H8: 46004 | N8: SCADUTA | O8: SCADUTA | Q8: MNP OUT | T8: NON NORMALIZZABILE | V8: MNP OUT
A9: ANDREA VERGALITO | B9: 03/11/2025 | C9: ATTIVAZIONE SIM MNP - MASSMARKET | D9: 8939108640011143612 | E9: 3428333912 | F9: SI | G9: 45994 | H9: 46004 | N9: SCADUTA | O9: SCADUTA
A10: ENRICA ANGELUCCI | B10: 03/11/2025 | C10: ATTIVAZIONE SIM MNP - CONVERGENZA FISSO - MOBILE | D10: 8939108650003652108 | E10: 3490859404 | F10: NO | G10: 45994 | H10: 46004 | N10: SCADUTA | O10: SCADUTA
A11: ANDREA VERGALITO | B11: 08/11/2025 | C11: ATTIVAZIONE SIM MNP - MASSMARKET | D11: 8939108640012792870 | E11: 3467556719 | F11: SI | G11: 45999 | H11: 46009 | N11: SCADUTA | O11: SCADUTA
A12: FEDERICA LACARBONARA | B12: 08/11/2025 | C12: ATTIVAZIONE SIM MNP - MASSMARKET | D12: 8939108640011144990 | E12: 3791959562 | F12: NO | G12: 45999 | H12: 46009 | N12: SCADUTA | O12: SCADUTA
A13: FEDERICA LACARBONARA | B13: 08/11/2025 | C13: SIM SCONTATA - ATTIVAZIONE SIM MNP - CONV. FISSO - MOBILE | D13: 8939108640012793092 | E13: 3713400403 | F13: SI | G13: 45999 | H13: 46009 | N13: SCADUTA | O13: SCADUTA
A14: ENRICA ANGELUCCI | B14: 09/11/2025 | C14: ATTIVAZIONE SIM MNP - MASSMARKET | D14: 8939108640012795261 | E14: 3400532574 | F14: SI | G14: 46000 | H14: 46010 | N14: SCADUTA | O14: SCADUTA
A15: ANDREA VERGALITO | B15: 10/11/2025 | C15: ATTIVAZIONE SIM MNP - MASSMARKET | D15: 8939108640012795287 | E15: 3890213440 | F15: NO | G15: 46001 | H15: 46011 | N15: SCADUTA | O15: SCADUTA
A16: ANDREA VERGALITO | B16: 10/11/2025 | C16: ATTIVAZIONE SIM MNP - CONVERGENZA FISSO - MOBILE | D16: 8939108640011144040 | E16: 3515539921 | F16: SI | G16: 46001 | H16: 46011 | N16: SCADUTA | O16: SCADUTA
A17: ENRICA ANGELUCCI | B17: 13/11/2025 | C17: ATTIVAZIONE SIM MNP - MASSMARKET | D17: 8939108660014740149 | E17: 3383621757 | F17: NO | G17: 46004 | H17: 46014 | N17: SCADUTA | O17: SCADUTA
A18: ANDREA VERGALITO | B18: 13/11/2025 | C18: ATTIVAZIONE SIM MNP - CONVERGENZA FISSO - MOBILE | D18: 8939108660014739349 | E18: 3469467111 | F18: NO | G18: 46004 | H18: 46014 | N18: SCADUTA | O18: SCADUTA
A19: ENRICA ANGELUCCI | B19: 14/11/2025 | C19: ATTIVAZIONE SIM MNP - CONVERGENZA FISSO - MOBILE | D19: 8939108660014739323 | E19: 3489174140 | F19: NO | G19: 46005 | H19: 46015 | N19: SCADUTA | O19: SCADUTA
A20: ENRICA ANGELUCCI | B20: 15/11/2025 | C20: ATTIVAZIONE SIM MNP - MASSMARKET | D20: 8939108660014739406 | E20: 3387471880 | F20: SI | G20: 46006 | H20: 46016 | N20: SCADUTA | O20: SCADUTA
... A44: ANDREA VERGALITO | B44: 30/11/2025 | C44: ATTIVAZIONE SIM MNP - CONVERGENZA FISSO - MOBILE | D44: 8939108660014739752 | E44: 3458955561 | F44: NO | G44: 46006 | H44: 46027 | N44: SCADUTA | O44: SCADUTA

Sheet FAMILY Megalò
A1: CHIETI SCALO | B1: Column2 | C1: NEGOZIO DI RIFERIMENTO | D1: Column4 | E1: Column5 | F1: SELEZIONARE ESITO DAL MENÙ A TENDINA E | G1: Column7 | H1: Column8 | I1: Column9 | J1: Column10 | K1: Column11 | L1: Column12 | M1: Column13 | N1: Column14 | O1: Column15 | P1: Column16 | Q1: Column17
F2: AGGIUNGERE UN COMMENTO
A3: OPERATORE | B3: DATA | C3: TITOLO | D3: SIM | E3: TELEFONO | F3: DATA DI SCADENZA | G3: ESITO | H3: ESITO BO | I3: NOTE BO | J3: ESITO SUITE
A4: ALESSANDRA PROPERZIO | B4: 01/11/2025 | C4: ATTIVAZIONE CONVERGENZA FISSO - MOBILE | D4: 8939108640012762287 | E4: 3276143324 | F4: 45992 | G4: INSERITA IN FAMIGLIA | J4: OK | K4: SCADUTA | L4: SCADUTA | M4: NON SCADUTA | O4: TIPOLOGIA | Q4: INSERITA IN FAMIGLIA
A5: ALESSANDRA PROPERZIO | B5: 01/11/2025 | C5: ATTIVAZIONE CONVERGENZA FISSO - MOBILE | D5: 8939108630011277718 | E5: 3476840957 | F5: 45992 | G5: INSERITA IN FAMIGLIA | J5: OK | K5: SCADUTA | L5: ATTIVITÀ SCADUTA | M5: INSERITA IN FAMIGLIA | O5: SCADUTA | Q5: IN ATTESA DI NORMALIZZAZIONE
A6: ALESSANDRA PROPERZIO | B6: 03/11/2025 | C6: ATTIVAZIONE CONVERGENZA FISSO - MOBILE | D6: 8939108640015181642 | E6: 3408699180 | F6: 45994 | G6: INSERITA IN FAMIGLIA | J6: OK | K6: SCADUTA | M6: IN ATTESA DI NORMALIZZAZIONE | O6: NON SCADUTA | Q6: NON NORMALIZZABILE
A7: STEFANO COLANTONIO | B7: 03/11/2025 | C7: ATTIVAZIONE CONVERGENZA FISSO - MOBILE | D7: 8939108640012761271 | E7: 3515651593 | F7: 45994 | G7: INSERITA IN FAMIGLIA | J7: OK | K7: SCADUTA | M7: NON NORMALIZZABILE | Q7: MNP OUT
A8: EMILIANO MARSILI | B8: 05/11/2025 | C8: ATTIVAZIONE CONVERGENZA FISSO - MOBILE | D8: 8939108640012762394 | E8: 3497510962 | F8: 45996 | G8: INSERITA IN FAMIGLIA | J8: OK | K8: SCADUTA | M8: MNP OUT
A9: EMILIANO MARSILI | B9: 05/11/2025 | C9: ATTIVAZIONE CONVERGENZA FISSO - MOBILE | D9: 8939108640015181741 | E9: 3925147277 | F9: 45996 | G9: INSERITA IN FAMIGLIA | J9: OK | K9: SCADUTA
A10: EMILIANO MARSILI | B10: 05/11/2025 | C10: ATTIVAZIONE CONVERGENZA FISSO - MOBILE | D10: 8939108640015181626 | E10: 3925147277 | F10: 45996 | G10: INSERITA IN FAMIGLIA | J10: OK | K10: SCADUTA
A11: EMILIANO MARSILI | B11: 06/11/2025 | C11: ATTIVAZIONE CONVERGENZA FISSO - MOBILE | D11: 8939108640015181949 | E11: 3420303782 | F11: 46007 | G11: IN ATTESA DI NORMALIZZAZIONE | K11: SCADUTA
A12: EMILIANO MARSILI | B12: 07/11/2025 | C12: ATTIVAZIONE CONVERGENZA FISSO - MOBILE | D12: 8939108640015181972 | E12: 3339323992 | F12: 45998 | G12: INSERITA IN FAMIGLIA | J12: OK | K12: SCADUTA
A13: STEFANO COLANTONIO | B13: 10/11/2025 | C13: ATTIVAZIONE CONVERGENZA FISSO - MOBILE | D13: 8939108640015181329 | E13: 3450475906 | F13: 46011 | G13: IN ATTESA DI NORMALIZZAZIONE | K13: SCADUTA
A14: STEFANO COLANTONIO | B14: 13/11/2025 | C14: ATTIVAZIONE CONVERGENZA FISSO - MOBILE | D14: 8939108640012760620 | E14: 3282757034 | F14: 46004 | G14: INSERITA IN FAMIGLIA | J14: OK | K14: SCADUTA
A15: EMILIANO MARSILI | B15: 14/11/2025 | C15: ATTIVAZIONE CONVERGENZA FISSO - MOBILE | D15: 8939108640015181733 | E15: 3928477531 | F15: 46005 | G15: INSERITA IN FAMIGLIA | J15: OK | K15: SCADUTA
A16: EMILIANO MARSILI | B16: 14/11/2025 | C16: ATTIVAZIONE CONVERGENZA FISSO - MOBILE | D16: 8939108660014936424 | E16: 3277560823 | F16: 46005 | G16: INSERITA IN FAMIGLIA | J16: OK | K16: SCADUTA
A17: EMILIANO MARSILI | B17: 16/11/2025 | C17: ATTIVAZIONE CONVERGENZA FISSO - MOBILE | D17: 8939108660014936523 | E17: 3488430246 | F17: 46006 | G17: INSERITA IN FAMIGLIA | J17: OK | K17: SCADUTA
A18: EMILIANO MARSILI | B18: 18/11/2025 | C18: ATTIVAZIONE CONVERGENZA FISSO - MOBILE | D18: 8939108660014936705 | E18: 3459264297 | F18: 46006 | G18: INSERITA IN FAMIGLIA | J18: OK | K18: SCADUTA
A19: EMILIANO MARSILI | B19: 19/11/2025 | C19: ATTIVAZIONE CONVERGENZA FISSO - MOBILE | D19: 8939108660014936879 | E19: 3517697298 | F19: 46006 | G19: INSERITA IN FAMIGLIA | J19: OK | K19: SCADUTA
A20: EMILIANO MARSILI | B20: 20/11/2025 | C20: ATTIVAZIONE CONVERGENZA FISSO - MOBILE | D20: 8939108660014936952 | E20: 3896362845 | F20: 46011 | G20: IN ATTESA DI NORMALIZZAZIONE | K20: SCADUTA
A21: STEFANO COLANTONIO | B21: 28/11/2025 | C21: ATTIVAZIONE CONVERGENZA FISSO - MOBILE | D21: 8939108660014936846 | E21: 3208113132 | F21: 46006 | G21: INSERITA IN FAMIGLIA | J21: OK | K21: SCADUTA
A22: STEFANO COLANTONIO | B22: 29/11/2025 | C22: ATTIVAZIONE CONVERGENZA FISSO - MOBILE | D22: 8939108660014937067 | E22: 3283444228 | F22: 46006 | G22: INSERITA IN FAMIGLIA | J22: OK | K22: SCADUTA
A23: ALESSANDRA PROPERZIO | B23: 30/11/2025 | C23: ATTIVAZIONE CONVERGENZA FISSO - MOBILE | D23: 8939108660014937372 | E23: 3467675632 | F23: 46011 | G23: IN ATTESA DI NORMALIZZAZIONE | K23: SCADUTA

Sheet MNP Megalò
A1: CHIETI SCALO | B1: Column2 | C1: NEGOZIO DI RIFERIMENTO | D1: Column4 | E1: Column5 | F1: Column6 | G1: Column7 | H1: SELEZIONARE ESITO DAL MENÙ A TENDINA E | I1: Column9 | J1: Column10 | K1: Column11 | L1: Column12 | M1: Column13 | N1: Column14 | O1: Column15 | P1: Column16 | Q1: Column17 | R1: Column18 | S1: Column19 | T1: Column20 | U1: Column21 | V1: Column22 | W1: Column23
H2: AGGIUNGERE UN COMMENTO
A3: OPERATORE | B3: DATA | C3: TITOLO | D3: SIM | E3: TELEFONO | F3: VIRTUALE | G3: DATA DI SCADENZA MNP | H3: DATA DI SCADENZA T+1 | I3: ESITO MNP | J3: ESITO RINNOVO T+1 | K3: ESITO BO | L3: NOTE BO | M3: ESITO SUITE
A4: ALESSANDRA PROPERZIO | B4: 01/11/2025 | C4: ATTIVAZIONE SIM MNP - MASSMARKET | D4: 8939108640012761313 | E4: 3427590588 | F4: NO | G4: 45992 | H4: 46002 | I4: MNP EFFETTUATA | J4: RINNOVO EFFETTUATO | M4: OK | N4: SCADUTA | O4: SCADUTA | P4: SCADUTA | Q4: NON SCADUTA | R4: GESTIONE NON ATTIVA | S4: TIPOLOGIA | T4: NON SCADUTA T1 | U4: MNP EFFETTUATA | V4: ESITO BO
A5: ALESSANDRA PROPERZIO | B5: 01/11/2025 | C5: ATTIVAZIONE SIM MNP - MASSMARKET | D5: 8939108630011365539 | E5: 3802669061 | F5: NO | G5: 45992 | H5: 46002 | I5: MNP EFFETTUATA | J5: RINNOVO EFFETTUATO | M5: OK | N5: SCADUTA | O5: SCADUTA | P5: ATTIVITÀ SCADUTA | Q5: MNP EFFETTUATA | S5: SCADUTA | T5: RINNOVO EFFETTUATO | U5: IN ATTESA DI NORMALIZZAZIONE | V5: OK
A6: ALESSANDRA PROPERZIO | B6: 01/11/2025 | C6: ATTIVAZIONE SIM MNP - MASSMARKET | D6: 8939108630011277668 | E6: 3495511036 | F6: NO | G6: 45992 | H6: 46002 | I6: MNP EFFETTUATA | J6: RINNOVO EFFETTUATO | M6: OK | N6: SCADUTA | O6: SCADUTA | P6: GESTIONE NON ATTIVA | Q6: IN ATTESA DI NORMALIZZAZIONE | S6: NON SCADUTA | T6: SOTTO CREDITO | U6: NON NORMALIZZABILE | V6: IN ATTESA DI NORMALIZZAZIONE
A7: ALESSANDRA PROPERZIO | B7: 01/11/2025 | C7: ATTIVAZIONE SIM MNP - CONVERGENZA FISSO - MOBILE | D7: 8939108640012762287 | E7: 3276143324 | F7: SI | G7: 45992 | H7: 46002 | I7: MNP EFFETTUATA | J7: RINNOVO EFFETTUATO | M7: OK | N7: SCADUTA | O7: SCADUTA | Q7: NON NORMALIZZABILE | S7: GESTIONE NON ATTIVA | T7: MNP OUT | U7: MNP OUT | V7: NON NORMALIZZABILE
A8: ALESSANDRA PROPERZIO | B8: 01/11/2025 | C8: ATTIVAZIONE SIM MNP - CONVERGENZA FISSO - MOBILE | D8: 8939108630011277718 | E8: 3476840957 | F8: NO | G8: 45992 | H8: 46002 | I8: MNP EFFETTUATA | J8: RINNOVO EFFETTUATO | M8: OK | N8: SCADUTA | O8: SCADUTA | Q8: MNP OUT | T8: NON NORMALIZZABILE | V8: MNP OUT
A9: STEFANO COLANTONIO | B9: 03/11/2025 | C9: ATTIVAZIONE SIM MNP - MASSMARKET | D9: 8939108640015181659 | E9: 3408255922 | F9: NO | G9: 45994 | H9: 46004 | I9: MNP EFFETTUATA | J9: RINNOVO EFFETTUATO | M9: OK | N9: SCADUTA | O9: SCADUTA
A10: ALESSANDRA PROPERZIO | B10: 03/11/2025 | C10: ATTIVAZIONE SIM MNP - CONVERGENZA FISSO - MOBILE | D10: 8939108640015181642 | E10: 3408699180 | F10: NO | G10: 45994 | H10: 46004 | I10: MNP EFFETTUATA | J10: RINNOVO EFFETTUATO | M10: OK | N10: SCADUTA | O10: SCADUTA
A11: STEFANO COLANTONIO | B11: 03/11/2025 | C11: ATTIVAZIONE SIM MNP - CONVERGENZA FISSO - MOBILE | D11: 8939108640012761271 | E11: 3515651593 | F11: NO | G11: 45994 | H11: 46004 | I11: MNP EFFETTUATA | J11: RINNOVO EFFETTUATO | M11: OK | N11: SCADUTA | O11: SCADUTA
A12: STEFANO COLANTONIO | B12: 04/11/2025 | C12: ATTIVAZIONE SIM MNP - MASSMARKET | D12: 8939108640012761198 | E12: 3890287294 | F12: NO | G12: 45995 | H12: 46005 | I12: MNP EFFETTUATA | J12: RINNOVO EFFETTUATO | M12: OK | N12: SCADUTA | O12: SCADUTA
A13: EMILIANO MARSILI | B13: 05/11/2025 | C13: SIM SCONTATA - ATTIVAZIONE SIM MNP - CONV. FISSO - MOBILE | D13: 8939108640015181550 | E13: 3894541833 | F13: NO | G13: 45996 | H13: 46006 | I13: MNP EFFETTUATA | J13: RINNOVO EFFETTUATO | M13: OK | N13: SCADUTA | O13: SCADUTA
A14: EMILIANO MARSILI | B14: 05/11/2025 | C14: ATTIVAZIONE SIM MNP - CONVERGENZA FISSO - MOBILE | D14: 8939108640012762394 | E14: 3497510962 | F14: NO | G14: 45996 | H14: 46006 | I14: MNP EFFETTUATA | J14: RINNOVO EFFETTUATO | M14: OK | N14: SCADUTA | O14: SCADUTA
A15: EMILIANO MARSILI | B15: 05/11/2025 | C15: ATTIVAZIONE SIM MNP - CONVERGENZA FISSO - MOBILE | D15: 8939108640015181741 | E15: 3925147277 | F15: SI | G15: 45996 | H15: 46006 | I15: MNP EFFETTUATA | J15: RINNOVO EFFETTUATO | M15: OK | N15: SCADUTA | O15: SCADUTA
A16: EMILIANO MARSILI | B16: 05/11/2025 | C16: ATTIVAZIONE SIM MNP - CONVERGENZA FISSO - MOBILE | D16: 8939108640015181626 | E16: 3925147277 | F16: SI | G16: 45996 | H16: 46006 | I16: MNP EFFETTUATA | J16: RINNOVO EFFETTUATO | M16: OK | N16: SCADUTA | O16: SCADUTA
A17: EMILIANO MARSILI | B17: 06/11/2025 | C17: ATTIVAZIONE SIM MNP - CONVERGENZA FISSO - MOBILE | D17: 8939108640015181949 | E17: 3420303782 | F17: NO | G17: 45997 | H17: 46007 | I17: MNP EFFETTUATA | J17: RINNOVO EFFETTUATO | M17: OK | N17: SCADUTA | O17: SCADUTA
A18: EMILIANO MARSILI | B18: 07/11/2025 | C18: ATTIVAZIONE SIM MNP - CONVERGENZA FISSO - MOBILE | D18: 8939108640015181972 | E18: 3339323992 | F18: NO | G18: 45998 | H18: 46008 | I18: MNP EFFETTUATA | J18: RINNOVO EFFETTUATO | M18: OK | N18: SCADUTA | O18: SCADUTA
A19: ALESSANDRA PROPERZIO | B19: 09/11/2025 | C19: ATTIVAZIONE SIM MNP - MASSMARKET | D19: 8939108640015181568 | E19: 336664045 | F19: NO | G19: 46000 | H19: 46010 | I19: MNP EFFETTUATA | N19: SCADUTA | O19: SCADUTA
A20: STEFANO COLANTONIO | B20: 12/11/2025 | C20: ATTIVAZIONE SIM MNP - MASSMARKET | D20: 8939108630011277700 | E20: 3388101397 | F20: NO | G20: 46003 | H20: 46013 | I20: MNP EFFETTUATA | N20: SCADUTA | O20: SCADUTA
A21: STEFANO COLANTONIO | B21: 13/11/2025 | C21: ATTIVAZIONE SIM MNP - CONVERGENZA FISSO - MOBILE | D21: 8939108640012760620 | E21: 3282757034 | F21: SI | G21: 46004 | H21: 46014 | I21: MNP EFFETTUATA | N21: SCADUTA | O21: SCADUTA
A22: EMILIANO MARSILI | B22: 14/11/2025 | C22: ATTIVAZIONE SIM MNP - CONVERGENZA FISSO - MOBILE | D22: 8939108640015181733 | E22: 3928477531 | F22: NO | G22: 46005 | H22: 46015 | I22: MNP EFFETTUATA | N22: SCADUTA | O22: SCADUTA
A23: EMILIANO MARSILI | B23: 14/11/2025 | C23: ATTIVAZIONE SIM MNP - CONVERGENZA FISSO - MOBILE | D23: 8939108660014936424 | E23: 3277560823 | F23: NO | G23: 46005 | H23: 46015 | I23: MNP EFFETTUATA | N23: SCADUTA | O23: SCADUTA
A24: EMILIANO MARSILI | B24: 16/11/2025 | C24: ATTIVAZIONE SIM MNP - MASSMARKET | D24: 8939108660014936515 | E24: 3318662172 | F24: NO | G24: 46006 | H24: 46017 | I24: MNP EFFETTUATA | N24: SCADUTA | O24: SCADUTA
A25: STEFANO COLANTONIO | B25: 16/11/2025 | C25: SIM SCONTATA - ATTIVAZIONE SIM MNP - CONV. FISSO - MOBILE | D25: 8939108660014937307 | E25: 3511838840 | F25: NO | G25: 46006 | H25: 46017 | I25: MNP EFFETTUATA | N25: SCADUTA | O25: SCADUTA
A26: STEFANO COLANTONIO | B26: 18/11/2025 | C26: ATTIVAZIONE SIM MNP - MASSMARKET | D26: 8939108660014937356 | E26: 3891148508 | F26: NO | G26: 46006 | H26: 46019 | I26: MNP EFFETTUATA | N26: SCADUTA | O26: SCADUTA
A27: EMILIANO MARSILI | B27: 18/11/2025 | C27: ATTIVAZIONE SIM MNP - MASSMARKET | D27: 8939108660014936929 | E27: 3293250602 | F27: NO | G27: 46006 | H27: 46019 | I27: MNP EFFETTUATA | N27: SCADUTA | O27: SCADUTA
A28: EMILIANO MARSILI | B28: 18/11/2025 | C28: ATTIVAZIONE SIM MNP - ETNICO | D28: 8939108660014937117 | E28: 3512627861 | F28: NO | G28: 46006 | H28: 46019 | I28: MNP EFFETTUATA | N28: SCADUTA | O28: SCADUTA
A29: EMILIANO MARSILI | B29: 19/11/2025 | C29: ATTIVAZIONE SIM MNP - MASSMARKET | D29: 8939108660014936895 | E29: 3274803205 | F29: NO | G29: 46006 | H29: 46020 | I29: MNP EFFETTUATA | J29: RINNOVO EFFETTUATO | M29: OK | N29: SCADUTA | O29: SCADUTA
A30: EMILIANO MARSILI | B30: 19/11/2025 | C30: ATTIVAZIONE SIM MNP - CONVERGENZA FISSO - MOBILE | D30: 8939108660014936879 | E30: 3517697298 | F30: NO | G30: 46006 | H30: 46020 | I30: MNP EFFETTUATA | J30: RINNOVO EFFETTUATO | M30: OK | N30: SCADUTA | O30: SCADUTA
A31: EMILIANO MARSILI | B31: 20/11/2025 | C31: ATTIVAZIONE SIM MNP - CONVERGENZA FISSO - MOBILE | D31: 8939108660014936952 | E31: 3896362845 | F31: NO | G31: 46006 | H31: 46021 | I31: MNP EFFETTUATA | J31: RINNOVO EFFETTUATO | M31: OK | N31: SCADUTA | O31: SCADUTA
A32: EMILIANO MARSILI | B32: 21/11/2025 | C32: SIM SCONTATA - ATTIVAZIONE SIM MNP - CONV. FISSO - MOBILE | D32: 8939108660014936945 | E32: 3297711428 | F32: NO | G32: 46006 | H32: 46022 | I32: MNP EFFETTUATA | J32: RINNOVO EFFETTUATO | M32: OK | N32: SCADUTA | O32: SCADUTA
A33: STEFANO COLANTONIO | B33: 22/11/2025 | C33: SIM SCONTATA - ATTIVAZIONE SIM MNP - CONV. FISSO - MOBILE | D33: 8939108660014936762 | E33: 3478508845 | F33: NO | G33: 46006 | H33: 46023 | I33: MNP EFFETTUATA | J33: RINNOVO EFFETTUATO | M33: OK | N33: SCADUTA | O33: SCADUTA
A34: ALESSANDRA PROPERZIO | B34: 23/11/2025 | C34: ATTIVAZIONE SIM MNP - MASSMARKET | D34: 8939108660014936820 | E34: 3663923574 | F34: NO | G34: 46006 | H34: 46024 | I34: MNP EFFETTUATA | J34: RINNOVO EFFETTUATO | M34: OK | N34: SCADUTA | O34: NON SCADUTA T1
A35: ALESSANDRA PROPERZIO | B35: 24/11/2025 | C35: ATTIVAZIONE SIM MNP - MASSMARKET | D35: 8939108660014936481 | E35: 3201991104 | F35: NO | G35: 46006 | H35: 46025 | I35: MNP EFFETTUATA | J35: RINNOVO EFFETTUATO | M35: OK | N35: SCADUTA | O35: NON SCADUTA T1
A36: EMILIANO MARSILI | B36: 24/11/2025 | C36: SIM SCONTATA - ATTIVAZIONE SIM MNP - CONV. FISSO - MOBILE | D36: 8939108660014936937 | E36: 3295670682 | F36: NO | G36: 46011 | H36: 46025 | I36: IN ATTESA DI NORMALIZZAZIONE | J36: SOTTO CREDITO | N36: SCADUTA | O36: NON SCADUTA T1
A37: STEFANO COLANTONIO | B37: 25/11/2025 | C37: ATTIVAZIONE SIM MNP - MASSMARKET | D37: 8939108660014936663 | E37: 3927810389 | F37: NO | G37: 46006 | H37: 46026 | I37: MNP EFFETTUATA | J37: RINNOVO EFFETTUATO | M37: OK | N37: SCADUTA | O37: NON SCADUTA T1
A38: ALESSANDRA PROPERZIO | B38: 25/11/2025 | C38: SIM SCONTATA - ATTIVAZIONE SIM MNP - CONV. FISSO - MOBILE | D38: 8939108660014936630 | E38: 3520454789 | F38: SI | G38: 46006 | H38: 46026 | I38: MNP EFFETTUATA | J38: RINNOVO EFFETTUATO | M38: OK | N38: SCADUTA | O38: NON SCADUTA T1
A39: STEFANO COLANTONIO | B39: 26/11/2025 | C39: ATTIVAZIONE SIM MNP - MASSMARKET | D39: 8939108660014937042 | E39: 33117707754 | F39: NO | G39: 46006 | H39: 46027 | I39: MNP EFFETTUATA | J39: RINNOVO EFFETTUATO | M39: OK | N39: SCADUTA | O39: NON SCADUTA T1
A40: EMILIANO MARSILI | B40: 27/11/2025 | C40: ATTIVAZIONE SIM MNP - MASSMARKET | D40: 8939108660014937091 | E40: 3337828304 | F40: NO | G40: 46006 | H40: 46027 | I40: MNP EFFETTUATA | J40: SOTTO CREDITO | N40: SCADUTA | O40: NON SCADUTA T1
A41: STEFANO COLANTONIO | B41: 27/11/2025 | C41: ATTIVAZIONE SIM MNP - MASSMARKET | D41: 8939108660014937000 | E41: 3401076975 | F41: NO | G41: 46006 | H41: 46027 | I41: MNP EFFETTUATA | J41: RINNOVO EFFETTUATO | M41: OK | N41: SCADUTA | O41: NON SCADUTA T1
A42: EMILIANO MARSILI | B42: 28/11/2025 | C42: ATTIVAZIONE SIM MNP - MASSMARKET | D42: 8939108660014936671 | E42: 3285324785 | F42: NO | G42: 46006 | H42: 46027 | I42: MNP EFFETTUATA | J42: RINNOVO EFFETTUATO | M42: OK | N42: SCADUTA | O42: NON SCADUTA T1
A43: EMILIANO MARSILI | B43: 28/11/2025 | C43: SIM SCONTATA - ATTIVAZIONE SIM MNP - CONV. FISSO - MOBILE | D43: 8939108660014936838 | E43: 3351204535 | F43: NO | G43: 46006 | H43: 46027 | I43: MNP EFFETTUATA | J43: RINNOVO EFFETTUATO | M43: OK | N43: SCADUTA | O43: NON SCADUTA T1
A44: EMILIANO MARSILI | B44: 28/11/2025 | C44: SIM SCONTATA - ATTIVAZIONE SIM MNP - CONV. FISSO - MOBILE | D44: 8939108660014936499 | E44: 3313631126 | F44: NO | G44: 46006 | H44: 46027 | I44: MNP EFFETTUATA | J44: RINNOVO EFFETTUATO | M44: OK | N44: SCADUTA | O44: NON SCADUTA T1
A45: STEFANO COLANTONIO | B45: 28/11/2025 | C45: ATTIVAZIONE SIM MNP - CONVERGENZA FISSO - MOBILE | D45: 8939108660014936846 | E45: 3208113132 | F45: NO | G45: 46011 | H45: 46027 | I45: IN ATTESA DI NORMALIZZAZIONE | J45: RINNOVO EFFETTUATO | N45: SCADUTA | O45: NON SCADUTA T1
A46: ALESSANDRA PROPERZIO | B46: 29/11/2025 | C46: SIM SCONTATA - ATTIVAZIONE SIM MNP - CONV. FISSO - MOBILE | D46: 8939108660014936556 | E46: 3319008381 | F46: NO | G46: 46011 | H46: 46027 | I46: IN ATTESA DI NORMALIZZAZIONE | N46: SCADUTA | O46: NON SCADUTA T1
A47: STEFANO COLANTONIO | B47: 29/11/2025 | C47: ATTIVAZIONE SIM MNP - CONVERGENZA FISSO - MOBILE | D47: 8939108660014937067 | E47: 3283444228 | F47: NO | G47: 46006 | H47: 46027 | I47: MNP EFFETTUATA | N47: SCADUTA | O47: NON SCADUTA T1
A48: ALESSANDRA PROPERZIO | B48: 30/11/2025 | C48: ATTIVAZIONE SIM MNP - MASSMARKET | D48: 8939108660014936598 | E48: 3333590815 | F48: SI | G48: 46006 | H48: 46027 | I48: MNP EFFETTUATA | N48: SCADUTA | O48: NON SCADUTA T1
A49: STEFANO COLANTONIO | B49: 30/11/2025 | C49: SIM SCONTATA - ATTIVAZIONE SIM MNP - CONV. FISSO - MOBILE | D49: 8939108650001876550 | E49: 3480364058 | F49: SI | G49: 46006 | H49: 46027 | I49: MNP EFFETTUATA | N49: SCADUTA | O49: NON SCADUTA T1
A50: ALESSANDRA PROPERZIO | B50: 30/11/2025 | C50: ATTIVAZIONE SIM MNP - CONVERGENZA FISSO - MOBILE | D50: 8939108660014937372 | E50: 3467675632 | F50: SI | G50: 46006 | H50: 46027 | I50: MNP EFFETTUATA | N50: SCADUTA | O50: NON SCADUTA T1

Sheet FAMILY CSA
A1: SANTANGELO | B1: Column2 | C1: NEGOZIO DI RIFERIMENTO | D1: Column4 | E1: Column5 | F1: SELEZIONARE ESITO DAL MENÙ A TENDINA E | G1: Column7 | H1: Column8 | I1: Column9 | J1: Column10 | K1: Column11 | L1: Column12 | M1: Column13 | N1: Column14 | O1: Column15 | P1: Column16 | Q1: Column17
F2: AGGIUNGERE UN COMMENTO
A3: OPERATORE | B3: DATA | C3: TITOLO | D3: SIM | E3: TELEFONO | F3: DATA DI SCADENZA | G3: ESITO | H3: ESITO BO | I3: NOTE BO | J3: ESITO SUITE
A4: KATIUSKA GEMMA DI GIOVANNI | B4: 03/11/2025 | C4: ATTIVAZIONE CONVERGENZA FISSO - MOBILE | D4: 8939108640011148975 | E4: 3388332728 | F4: 45994 | G4: INSERITA IN FAMIGLIA | J4: OK | K4: SCADUTA | L4: SCADUTA | M4: NON SCADUTA | O4: TIPOLOGIA | Q4: INSERITA IN FAMIGLIA
A5: KATIUSKA GEMMA DI GIOVANNI | B5: 05/11/2025 | C5: ATTIVAZIONE CONVERGENZA FISSO - MOBILE | D5: 8939108640011149460 | E5: 3475539071 | F5: 45996 | G5: INSERITA IN FAMIGLIA | J5: OK | K5: SCADUTA | L5: ATTIVITÀ SCADUTA | M5: INSERITA IN FAMIGLIA | O5: SCADUTA | Q5: IN ATTESA DI NORMALIZZAZIONE
A6: KATIUSKA GEMMA DI GIOVANNI | B6: 05/11/2025 | C6: ATTIVAZIONE CONVERGENZA FISSO - MOBILE | D6: 8939108640011148751 | E6: 3499506877 | F6: 45996 | G6: INSERITA IN FAMIGLIA | J6: OK | K6: SCADUTA | M6: IN ATTESA DI NORMALIZZAZIONE | O6: NON SCADUTA | Q6: NON NORMALIZZABILE
A7: KATIUSKA GEMMA DI GIOVANNI | B7: 08/11/2025 | C7: ATTIVAZIONE CONVERGENZA FISSO - MOBILE | D7: 8939108640011148728 | E7: 3450205656 | F7: 45999 | G7: INSERITA IN FAMIGLIA | J7: OK | K7: SCADUTA | M7: NON NORMALIZZABILE | Q7: MNP OUT
A8: ANTONIO SACCO | B8: 09/11/2025 | C8: ATTIVAZIONE CONVERGENZA FISSO - MOBILE | D8: 8939108640011149403 | E8: 3356585530 | F8: 46000 | G8: INSERITA IN FAMIGLIA | J8: OK | K8: SCADUTA | M8: MNP OUT
A9: ANTONIO SACCO | B9: 09/11/2025 | C9: ATTIVAZIONE CONVERGENZA FISSO - MOBILE | D9: 8939108640011149718 | E9: 3499835631 | F9: 46000 | G9: INSERITA IN FAMIGLIA | J9: OK | K9: SCADUTA
A10: ANTONIO SACCO | B10: 09/11/2025 | C10: ATTIVAZIONE CONVERGENZA FISSO - MOBILE | D10: 8939108640012796954 | E10: 3341267722 | F10: 46000 | G10: INSERITA IN FAMIGLIA | J10: OK | K10: SCADUTA
A11: ANTONIO SACCO | B11: 09/11/2025 | C11: ATTIVAZIONE CONVERGENZA FISSO - MOBILE | D11: 8939108640012796707 | E11: 3801974997 | F11: 46000 | G11: NON NORMALIZZABILE | J11: DA ELIMINARE | K11: SCADUTA
A12: ANTONIO SACCO | B12: 09/11/2025 | C12: ATTIVAZIONE CONVERGENZA FISSO - MOBILE | D12: 8939108640012797028 | E12: 3314423145 | F12: 46000 | G12: INSERITA IN FAMIGLIA | J12: OK | K12: SCADUTA
A13: ANTONIO SACCO | B13: 09/11/2025 | C13: ATTIVAZIONE CONVERGENZA FISSO - MOBILE | D13: 8939108640011149064 | E13: 3801974997 | F13: 46000 | G13: MNP OUT | J13: DA ELIMINARE | K13: SCADUTA
A14: ANTONIO SACCO | B14: 10/11/2025 | C14: ATTIVAZIONE CONVERGENZA FISSO - MOBILE | D14: 8939108640011149296 | E14: 3516230326 | F14: 46001 | G14: INSERITA IN FAMIGLIA | J14: OK | K14: SCADUTA
A15: ANTONIO SACCO | B15: 10/11/2025 | C15: ATTIVAZIONE CONVERGENZA FISSO - MOBILE | D15: 8939108640011149247 | E15: 3351333190 | F15: 46001 | G15: INSERITA IN FAMIGLIA | J15: OK | K15: SCADUTA
A16: YUDITH HERNANDEZ GARCIA | B16: 12/11/2025 | C16: ATTIVAZIONE CONVERGENZA FISSO - MOBILE | D16: 8939108640011148850 | E16: 3318023757 | F16: 46003 | G16: INSERITA IN FAMIGLIA | J16: OK | K16: SCADUTA
A17: ANTONIO SACCO | B17: 13/11/2025 | C17: ATTIVAZIONE CONVERGENZA FISSO - MOBILE | D17: 8939108640011149759 | E17: 3473641890 | F17: 46004 | G17: INSERITA IN FAMIGLIA | J17: OK | K17: SCADUTA
A18: ANTONIO SACCO | B18: 13/11/2025 | C18: ATTIVAZIONE CONVERGENZA FISSO - MOBILE | D18: 8939108640012796731 | E18: 3489507337 | F18: 46004 | G18: INSERITA IN FAMIGLIA | J18: OK | K18: SCADUTA
A19: YUDITH HERNANDEZ GARCIA | B19: 16/11/2025 | C19: ATTIVAZIONE CONVERGENZA FISSO - MOBILE | D19: 8939108640012796301 | E19: 3891773471 | F19: 46006 | G19: INSERITA IN FAMIGLIA | J19: OK | K19: SCADUTA
A20: YUDITH HERNANDEZ GARCIA | B20: 17/11/2025 | C20: ATTIVAZIONE CONVERGENZA FISSO - MOBILE | D20: 8939108660014738440 | E20: 3331095959 | F20: 46006 | G20: INSERITA IN FAMIGLIA | J20: OK | K20: SCADUTA
... A30: YUDITH HERNANDEZ GARCIA | B30: 30/11/2025 | C30: ATTIVAZIONE CONVERGENZA FISSO - MOBILE | D30: 8939108660014738341 | E30: 3279486803 | F30: 46006 | G30: INSERITA IN FAMIGLIA | J30: OK | K30: SCADUTA

Sheet MNP CSA
A1: SANTANGELO | B1: Column2 | C1: NEGOZIO DI RIFERIMENTO | D1: Column4 | E1: Column5 | F1: Column6 | G1: Column7 | H1: SELEZIONARE ESITO DAL MENÙ A TENDINA E | I1: Column9 | J1: Column10 | K1: Column11 | L1: Column12 | M1: Column13 | N1: Column14 | O1: Column15 | P1: Column16 | Q1: Column17 | R1: Column18 | S1: Column19 | T1: Column20 | U1: Column21 | V1: Column22 | W1: Column23
H2: AGGIUNGERE UN COMMENTO
A3: OPERATORE | B3: DATA | C3: TITOLO | D3: SIM | E3: TELEFONO | F3: VIRTUALE | G3: DATA DI SCADENZA MNP | H3: DATA DI SCADENZA T+1 | I3: ESITO MNP | J3: ESITO RINNOVO T+1 | K3: ESITO BO | L3: NOTE BO | M3: ESITO SUITE
A4: MARIKA OTTAVIANO | B4: 01/11/2025 | C4: ATTIVAZIONE SIM MNP - MASSMARKET | D4: 8939108640011149544 | E4: 3914256630 | F4: NO | G4: 45992 | H4: 46002 | I4: MNP EFFETTUATA | K4: OK | M4: OK | N4: SCADUTA | O4: SCADUTA | P4: SCADUTA | Q4: NON SCADUTA | R4: GESTIONE NON ATTIVA | S4: TIPOLOGIA | T4: NON SCADUTA T1 | U4: MNP EFFETTUATA | V4: ESITO BO
A5: YUDITH HERNANDEZ GARCIA | B5: 01/11/2025 | C5: ATTIVAZIONE SIM MNP - MASSMARKET | D5: 8939108640011150096 | E5: 3805813875 | F5: SI | G5: 45992 | H5: 46002 | I5: MNP EFFETTUATA | K5: OK | M5: OK | N5: SCADUTA | O5: SCADUTA | P5: ATTIVITÀ SCADUTA | Q5: MNP EFFETTUATA | S5: SCADUTA | T5: RINNOVO EFFETTUATO | U5: IN ATTESA DI NORMALIZZAZIONE | V5: OK
A6: MARIKA OTTAVIANO | B6: 01/11/2025 | C6: ATTIVAZIONE SIM MNP - MASSMARKET | D6: 8939108640011149171 | E6: 3917635351 | F6: NO | G6: 45992 | H6: 46002 | I6: MNP EFFETTUATA | K6: OK | M6: OK | N6: SCADUTA | O6: SCADUTA | P6: GESTIONE NON ATTIVA | Q6: IN ATTESA DI NORMALIZZAZIONE | S6: NON SCADUTA | T6: SOTTO CREDITO | U6: NON NORMALIZZABILE | V6: IN ATTESA DI NORMALIZZAZIONE
A7: KATIUSKA GEMMA DI GIOVANNI | B7: 02/11/2025 | C7: ATTIVAZIONE SIM MNP - MASSMARKET | D7: 8939108640012796210 | E7: 3406224545 | F7: SI | G7: 45993 | H7: 46003 | I7: MNP EFFETTUATA | K7: OK | M7: OK | N7: SCADUTA | O7: SCADUTA | Q7: NON NORMALIZZABILE | S7: GESTIONE NON ATTIVA | T7: MNP OUT | U7: MNP OUT | V7: NON NORMALIZZABILE
A8: ANTONIO SACCO | B8: 03/11/2025 | C8: ATTIVAZIONE SIM MNP - MASSMARKET | D8: 8939108640011149775 | E8: 3270115318 | F8: SI | G8: 45994 | H8: 46004 | I8: MNP EFFETTUATA | K8: OK | M8: OK | N8: SCADUTA | O8: SCADUTA | Q8: MNP OUT | T8: NON NORMALIZZABILE | V8: MNP OUT
A9: KATIUSKA GEMMA DI GIOVANNI | B9: 03/11/2025 | C9: SIM SCONTATA - ATTIVAZIONE SIM MNP - CONV. FISSO - MOBILE | D9: 8939108640011149148 | E9: 3287790217 | F9: NO | G9: 45994 | H9: 46004 | I9: NON NORMALIZZABILE | K9: NON NORMALIZZABILE | M9: DA ELIMINARE | N9: SCADUTA | O9: SCADUTA
A10: KATIUSKA GEMMA DI GIOVANNI | B10: 03/11/2025 | C10: SIM SCONTATA - ATTIVAZIONE SIM MNP - CONV. FISSO - MOBILE | D10: 8939108640012796145 | E10: 3924814817 | F10: NO | G10: 45994 | H10: 46004 | I10: MNP EFFETTUATA | K10: OK | M10: OK | N10: SCADUTA | O10: SCADUTA
A11: KATIUSKA GEMMA DI GIOVANNI | B11: 03/11/2025 | C11: ATTIVAZIONE SIM MNP - CONVERGENZA FISSO - MOBILE | D11: 8939108640011148975 | E11: 3388332728 | F11: NO | G11: 45994 | H11: 46004 | I11: MNP EFFETTUATA | K11: OK | M11: OK | N11: SCADUTA | O11: SCADUTA
A12: KATIUSKA GEMMA DI GIOVANNI | B12: 04/11/2025 | C12: SIM SCONTATA - ATTIVAZIONE SIM MNP - CONV. FISSO - MOBILE | D12: 8939108640012796137 | E12: 3288365715 | F12: NO | G12: 45995 | H12: 46005 | I12: MNP EFFETTUATA | K12: OK | M12: OK | N12: SCADUTA | O12: SCADUTA
A13: YUDITH HERNANDEZ GARCIA | B13: 05/11/2025 | C13: ATTIVAZIONE SIM MNP - MASSMARKET | D13: 8939108640012796871 | E13: 3208529009 | F13: SI | G13: 45996 | H13: 46006 | I13: MNP EFFETTUATA | K13: OK | M13: OK | N13: SCADUTA | O13: SCADUTA
A14: KATIUSKA GEMMA DI GIOVANNI | B14: 05/11/2025 | C14: ATTIVAZIONE SIM MNP - CONVERGENZA FISSO - MOBILE | D14: 8939108640011149460 | E14: 3475539071 | F14: SI | G14: 45996 | H14: 46006 | I14: MNP EFFETTUATA | K14: OK | M14: OK | N14: SCADUTA | O14: SCADUTA
A15: KATIUSKA GEMMA DI GIOVANNI | B15: 05/11/2025 | C15: ATTIVAZIONE SIM MNP - CONVERGENZA FISSO - MOBILE | D15: 8939108640011148751 | E15: 3499506877 | F15: NO | G15: 45996 | H15: 46006 | I15: MNP EFFETTUATA | K15: OK | M15: OK | N15: SCADUTA | O15: SCADUTA
A16: YUDITH HERNANDEZ GARCIA | B16: 06/11/2025 | C16: ATTIVAZIONE SIM MNP - MASSMARKET | D16: 8939108640011149700 | E16: 3289350101 | F16: NO | G16: 45997 | H16: 46007 | I16: MNP EFFETTUATA | K16: OK | M16: OK | N16: SCADUTA | O16: SCADUTA
A17: KATIUSKA GEMMA DI GIOVANNI | B17: 08/11/2025 | C17: ATTIVAZIONE SIM MNP - MASSMARKET | D17: 8939108640011149486 | E17: 3899250684 | F17: NO | G17: 45999 | H17: 46009 | I17: MNP EFFETTUATA | K17: OK | M17: OK | N17: SCADUTA | O17: SCADUTA
A18: YUDITH HERNANDEZ GARCIA | B18: 08/11/2025 | C18: ATTIVAZIONE SIM MNP - MASSMARKET | D18: 8939108640011148942 | E18: 3890258459 | F18: NO | G18: 45999 | H18: 46009 | I18: MNP EFFETTUATA | K18: OK | M18: OK | N18: SCADUTA | O18: SCADUTA
A19: ANTONIO SACCO | B19: 09/11/2025 | C19: ATTIVAZIONE SIM MNP - CONVERGENZA FISSO - MOBILE | D19: 8939108640011149403 | E19: 3356585530 | F19: NO | G19: 46000 | H19: 46010 | I19: MNP EFFETTUATA | K19: OK | M19: OK | N19: SCADUTA | O19: SCADUTA
A20: ANTONIO SACCO | B20: 09/11/2025 | C20: ATTIVAZIONE SIM MNP - CONVERGENZA FISSO - MOBILE | D20: 8939108640012796954 | E20: 3341267722 | F20: NO | G20: 46000 | H20: 46010 | I20: MNP EFFETTUATA | K20: OK | M20: OK | N20: SCADUTA | O20: SCADUTA
... A25: ANTONIO SACCO | B25: 10/11/2025 | C25: ATTIVAZIONE SIM MNP - CONVERGENZA FISSO - MOBILE | D25: 8939108640011149247 | E25: 3351333190 | F25: NO | G25: 46001 | H25: 46011 | I25: MNP EFFETTUATA | K25: OK | M25: OK | N25: SCADUTA | O25: SCADUTA
A26: YUDITH HERNANDEZ GARCIA | B26: 12/11/2025 | C26: ATTIVAZIONE SIM MNP - CONVERGENZA FISSO - MOBILE | D26: 8939108640011148850 | E26: 3318023757 | F26: NO | G26: 46003 | H26: 46013 | I26: MNP EFFETTUATA | J26: RINNOVO EFFETTUATO | M26: OK | N26: SCADUTA | O26: SCADUTA
A27: YUDITH HERNANDEZ GARCIA | B27: 13/11/2025 | C27: ATTIVAZIONE SIM MNP - MASSMARKET | D27: 8939108640011148611 | E27: 3486600553 | F27: NO | G27: 46004 | H27: 46014 | I27: MNP EFFETTUATA | J27: RINNOVO EFFETTUATO | M27: OK | N27: SCADUTA | O27: SCADUTA
A28: ANTONIO SACCO | B28: 13/11/2025 | C28: ATTIVAZIONE SIM MNP - CONVERGENZA FISSO - MOBILE | D28: 8939108640011149759 | E28: 3473641890 | F28: NO | G28: 46004 | H28: 46014 | I28: MNP EFFETTUATA | J28: RINNOVO EFFETTUATO | M28: OK | N28: SCADUTA | O28: SCADUTA
A29: ANTONIO SACCO | B29: 13/11/2025 | C29: ATTIVAZIONE SIM MNP - CONVERGENZA FISSO - MOBILE | D29: 8939108640012796731 | E29: 3489507337 | F29: NO | G29: 46004 | H29: 46014 | I29: MNP EFFETTUATA | J29: RINNOVO EFFETTUATO | M29: OK | N29: SCADUTA | O29: SCADUTA
A30: ANTONIO SACCO | B30: 14/11/2025 | C30: SIM SCONTATA - ATTIVAZIONE SIM MNP - CONV. FISSO - MOBILE | D30: 8939108660014738234 | E30: 3515135199 | F30: NO | G30: 46005 | H30: 46015 | I30: MNP EFFETTUATA | J30: RINNOVO EFFETTUATO | M30: OK | N30: SCADUTA | O30: SCADUTA
A31: KATIUSKA GEMMA DI GIOVANNI | B31: 15/11/2025 | C31: ATTIVAZIONE SIM MNP - TOKEN MVNO | D31: 8939108650001877590 | E31: 3203543632 | F31: SI | G31: 46006 | H31: 46016 | I31: MNP EFFETTUATA | J31: RINNOVO EFFETTUATO | M31: OK | N31: SCADUTA | O31: SCADUTA
A32: YUDITH HERNANDEZ GARCIA | B32: 16/11/2025 | C32: ATTIVAZIONE SIM MNP - MASSMARKET | D32: 8939108640006172105 | E32: 3248672055 | F32: NO | G32: 46006 | H32: 46017 | I32: MNP EFFETTUATA | J32: RINNOVO EFFETTUATO | M32: OK | N32: SCADUTA | O32: SCADUTA
A33: YUDITH HERNANDEZ GARCIA | B33: 16/11/2025 | C33: ATTIVAZIONE SIM MNP - CONVERGENZA FISSO - MOBILE | D33: 8939108640012796301 | E33: 3891773471 | F33: NO | G33: 46006 | H33: 46017 | I33: MNP EFFETTUATA | J33: RINNOVO EFFETTUATO | M33: OK | N33: SCADUTA | O33: SCADUTA
A34: YUDITH HERNANDEZ GARCIA | B34: 17/11/2025 | C34: ATTIVAZIONE SIM MNP - CONVERGENZA FISSO - MOBILE | D34: 8939108660014738440 | E34: 3331095959 | F34: NO | G34: 46006 | H34: 46018 | I34: MNP EFFETTUATA | J34: RINNOVO EFFETTUATO | M34: OK | N34: SCADUTA | O34: SCADUTA
A35: KATIUSKA GEMMA DI GIOVANNI | B35: 17/11/2025 | C35: ATTIVAZIONE SIM MNP - CONVERGENZA FISSO - MOBILE | D35: 8939108660014738598 | E35: 3407617881 | F35: NO | G35: 46006 | H35: 46018 | I35: MNP EFFETTUATA | J35: RINNOVO EFFETTUATO | M35: OK | N35: SCADUTA | O35: SCADUTA
A36: ANTONIO SACCO | B36: 18/11/2025 | C36: ATTIVAZIONE SIM MNP - MASSMARKET | D36: 8939108640011149452 | E36: 3883538096 | F36: NO | G36: 46006 | H36: 46019 | I36: MNP EFFETTUATA | K36: OK | M36: OK | N36: SCADUTA | O36: SCADUTA
A37: YUDITH HERNANDEZ GARCIA | B37: 19/11/2025 | C37: ATTIVAZIONE SIM MNP - MASSMARKET | D37: 8939108660014738333 | E37: 3500488272 | F37: NO | G37: 46006 | H37: 46020 | I37: MNP EFFETTUATA | K37: OK | M37: OK | N37: SCADUTA | O37: SCADUTA
A38: KATIUSKA GEMMA DI GIOVANNI | B38: 22/11/2025 | C38: SIM SCONTATA - ATTIVAZIONE SIM MNP - CONV. FISSO - MOBILE | D38: 8939108660014738630 | E38: 3801486294 | F38: SI | G38: 46006 | H38: 46023 | I38: MNP EFFETTUATA | K38: OK | M38: OK | N38: SCADUTA | O38: SCADUTA
A39: YUDITH HERNANDEZ GARCIA | B39: 22/11/2025 | C39: ATTIVAZIONE SIM MNP - CONVERGENZA FISSO - MOBILE | D39: 8939108660014738507 | E39: 3403138577 | F39: NO | G39: 46006 | H39: 46023 | I39: MNP EFFETTUATA | K39: OK | M39: OK | N39: SCADUTA | O39: SCADUTA
A40: KATIUSKA GEMMA DI GIOVANNI | B40: 23/11/2025 | C40: SIM SCONTATA - ATTIVAZIONE SIM MNP - CONV. FISSO - MOBILE | D40: 8939108660014738580 | E40: 335450972 | F40: NO | G40: 46011 | H40: 46024 | I40: IN ATTESA DI NORMALIZZAZIONE | K40: NON NORMALIZZABILE | M40: DA ELIMINARE | N40: SCADUTA | O40: SCADUTA
A41: KATIUSKA GEMMA DI GIOVANNI | B41: 23/11/2025 | C41: SIM SCONTATA - ATTIVAZIONE SIM MNP - CONV. FISSO - MOBILE | D41: 8939108660014738606 | E41: 3296031462 | F41: SI | G41: 46006 | H41: 46024 | I41: MNP EFFETTUATA | K41: OK | M41: OK | N41: SCADUTA | O41: SCADUTA
A42: ANTONIO SACCO | B42: 23/11/2025 | C42: ATTIVAZIONE SIM MNP - FASTWEB | D42: 8939080000125155683 | E42: 3382170418 | F42: NO | G42: 46006 | H42: 46024 | K42: OK | M42: OK | N42: SCADUTA | O42: SCADUTA
A43: YUDITH HERNANDEZ GARCIA | B43: 24/11/2025 | C43: ATTIVAZIONE SIM MNP - MASSMARKET | D43: 8939108660014738499 | E43: 3489218215 | F43: SI | G43: 46006 | H43: 46025 | I43: MNP EFFETTUATA | J43: RINNOVO EFFETTUATO | M43: OK | N43: SCADUTA | O43: SCADUTA
A44: KATIUSKA GEMMA DI GIOVANNI | B44: 24/11/2025 | C44: ATTIVAZIONE SIM MNP - MASSMARKET | D44: 8939108660014738077 | E44: 3383688360 | F44: NO | G44: 46006 | H44: 46025 | I44: MNP EFFETTUATA | J44: RINNOVO EFFETTUATO | M44: OK | N44: SCADUTA | O44: SCADUTA
A45: ANTONIO SACCO | B45: 26/11/2025 | C45: ATTIVAZIONE SIM MNP - MASSMARKET | D45: 8939108660014738408 | E45: 3516389632 | F45: NO | G45: 46006 | H45: 46027 | I45: MNP EFFETTUATA | J45: RINNOVO EFFETTUATO | M45: OK | N45: SCADUTA | O45: SCADUTA
A46: KATIUSKA GEMMA DI GIOVANNI | B46: 27/11/2025 | C46: SIM SCONTATA - ATTIVAZIONE SIM MNP - CONV. FISSO - MOBILE | D46: 8939108650001877582 | E46: 3271540502 | F46: SI | G46: 46006 | H46: 46027 | I46: MNP EFFETTUATA | J46: RINNOVO EFFETTUATO | M46: OK | N46: SCADUTA | O46: SCADUTA
A47: KATIUSKA GEMMA DI GIOVANNI | B47: 27/11/2025 | C47: ATTIVAZIONE SIM MNP - CONVERGENZA FISSO - MOBILE | D47: 8939108660014737905 | E47: 3497484574 | F47: NO | G47: 46006 | H47: 46027 | I47: MNP EFFETTUATA | J47: RINNOVO EFFETTUATO | M47: OK | N47: SCADUTA | O47: SCADUTA
A48: KATIUSKA GEMMA DI GIOVANNI | B48: 27/11/2025 | C48: ATTIVAZIONE SIM MNP - CONVERGENZA FISSO - MOBILE | D48: 8939108660014737749 | E48: 3270888329 | F48: SI | G48: 46006 | H48: 46027 | I48: MNP EFFETTUATA | J48: RINNOVO EFFETTUATO | M48: OK | N48: SCADUTA | O48: SCADUTA
A49: YUDITH HERNANDEZ GARCIA | B49: 28/11/2025 | C49: ATTIVAZIONE SIM MNP - MASSMARKET | D49: 8939108660014738572 | E49: 3488961083 | F49: SI | G49: 46006 | H49: 46027 | I49: MNP EFFETTUATA | J49: RINNOVO EFFETTUATO | M49: OK | N49: SCADUTA | O49: SCADUTA
A50: ANTONIO SACCO | B50: 30/11/2025 | C50: ATTIVAZIONE SIM MNP - MASSMARKET | D50: 8939108640011149569 | E50: 3803683145 | F50: NO | G50: 46006 | H50: 46027 | I50: MNP EFFETTUATA | J50: RINNOVO EFFETTUATO | M50: OK | N50: SCADUTA | O50: SCADUTA
A51: YUDITH HERNANDEZ GARCIA | B51: 30/11/2025 | C51: ATTIVAZIONE SIM MNP - CONVERGENZA FISSO - MOBILE | D51: 8939108660014738168 | E51: 3246343702 | F51: SI | G51: 46006 | H51: 46027 | I51: MNP EFFETTUATA | J51: RINNOVO EFFETTUATO | M51: OK | N51: SCADUTA | O51: SCADUTA
A52: YUDITH HERNANDEZ GARCIA | B52: 30/11/2025 | C52: ATTIVAZIONE SIM MNP - CONVERGENZA FISSO - MOBILE | D52: 8939108660014738309 | E52: 3386057055 | F52: NO | G52: 46011 | H52: 46027 | I52: IN ATTESA DI NORMALIZZAZIONE | K52: NON NORMALIZZABILE | M52: DA ELIMINARE | N52: SCADUTA | O52: SCADUTA
A53: YUDITH HERNANDEZ GARCIA | B53: 30/11/2025 | C53: ATTIVAZIONE SIM MNP - CONVERGENZA FISSO - MOBILE | D53: 8939108660014738341 | E53: 3279486803 | F53: NO | G53: 46006 | H53: 46027 | I53: MNP EFFETTUATA | J53: RINNOVO EFFETTUATO | M53: OK | N53: SCADUTA | O53: SCADUTA

Sheet FAMILY Vasto
A1: VASTO | B1: Column2 | C1: NEGOZIO DI RIFERIMENTO | D1: Column4 | E1: Column5 | F1: SELEZIONARE ESITO DAL MENÙ A TENDINA E | G1: Column7 | H1: Column8 | I1: Column9 | J1: Column10 | K1: Column11 | L1: Column12 | M1: Column13 | N1: Column14 | O1: Column15 | P1: Column16 | Q1: Column17
F2: AGGIUNGERE UN COMMENTO
A3: OPERATORE | B3: DATA | C3: TITOLO | D3: SIM | E3: TELEFONO | F3: DATA DI SCADENZA | G3: ESITO | H3: ESITO BO | I3: NOTE BO | J3: ESITO SUITE
A4: KADIMA GABRIEL TSHIMANGA | B4: 10/11/2025 | C4: ATTIVAZIONE CONVERGENZA FISSO - MOBILE | D4: 8939108640011140303 | E4: 3486949186 | F4: 46001 | G4: INSERITA IN FAMIGLIA | J4: OK | K4: SCADUTA | L4: SCADUTA | M4: NON SCADUTA | O4: TIPOLOGIA | Q4: INSERITA IN FAMIGLIA
A5: FILOMENA CHIAPPINI | B5: 10/11/2025 | C5: ATTIVAZIONE CONVERGENZA FISSO - MOBILE | D5: 8939108640012768144 | E5: 3342562021 | F5: 46001 | G5: INSERITA IN FAMIGLIA | J5: OK | K5: SCADUTA | L5: ATTIVITÀ SCADUTA | M5: INSERITA IN FAMIGLIA | O5: SCADUTA | Q5: IN ATTESA DI NORMALIZZAZIONE
A6: DONATO BOTTA | B6: 11/11/2025 | C6: ATTIVAZIONE CONVERGENZA FISSO - MOBILE | D6: 8939108640011140972 | E6: 3454613565 | F6: 46002 | G6: INSERITA IN FAMIGLIA | J6: OK | K6: SCADUTA | M6: IN ATTESA DI NORMALIZZAZIONE | O6: NON SCADUTA | Q6: NON NORMALIZZABILE
A7: KADIMA GABRIEL TSHIMANGA | B7: 13/11/2025 | C7: ATTIVAZIONE CONVERGENZA FISSO - MOBILE | D7: 8939108660014930310 | E7: 3479528752 | F7: 46004 | G7: INSERITA IN FAMIGLIA | J7: OK | K7: SCADUTA | M7: NON NORMALIZZABILE | Q7: MNP OUT
A8: FILOMENA CHIAPPINI | B8: 14/11/2025 | C8: ATTIVAZIONE CONVERGENZA FISSO - MOBILE | D8: 8939108630011216641 | E8: 3772991537 | F8: 46005 | G8: INSERITA IN FAMIGLIA | J8: OK | K8: SCADUTA | M8: MNP OUT
A9: FILOMENA CHIAPPINI | B9: 14/11/2025 | C9: ATTIVAZIONE CONVERGENZA FISSO - MOBILE | D9: 8939108640011140915 | E9: 3338486636 | F9: 46005 | G9: INSERITA IN FAMIGLIA | J9: OK | K9: SCADUTA
A10: FILOMENA CHIAPPINI | B10: 14/11/2025 | C10: ATTIVAZIONE CONVERGENZA FISSO - MOBILE | D10: 8939108660014938099 | E10: 3287820290 | F10: 46005 | G10: INSERITA IN FAMIGLIA | J10: OK | K10: SCADUTA
A11: FILOMENA CHIAPPINI | B11: 14/11/2025 | C11: ATTIVAZIONE CONVERGENZA FISSO - MOBILE | D11: 8939108640011140873 | E11: 3286485206 | F11: 46005 | G11: INSERITA IN FAMIGLIA | J11: OK | K11: SCADUTA
A12: FILOMENA CHIAPPINI | B12: 15/11/2025 | C12: ATTIVAZIONE CONVERGENZA FISSO - MOBILE | D12: 8939108630011217185 | E12: 3488941785 | F12: 46006 | G12: INSERITA IN FAMIGLIA | J12: OK | K12: SCADUTA
A13: FILOMENA CHIAPPINI | B13: 15/11/2025 | C13: ATTIVAZIONE CONVERGENZA FISSO - MOBILE | D13: 8939108660014930500 | E13: 3452197494 | F13: 46006 | G13: INSERITA IN FAMIGLIA | J13: OK | K13: SCADUTA
A14: FILOMENA CHIAPPINI | B14: 15/11/2025 | C14: ATTIVAZIONE CONVERGENZA FISSO - MOBILE | D14: 8939108660014938115 | E14: 3935785684 | F14: 46006 | G14: INSERITA IN FAMIGLIA | J14: OK | K14: SCADUTA
A15: FILOMENA CHIAPPINI | B15: 15/11/2025 | C15: ATTIVAZIONE CONVERGENZA FISSO - MOBILE | D15: 8939108660014937943 | E15: 3337162377 | F15: 46006 | G15: INSERITA IN FAMIGLIA | J15: OK | K15: SCADUTA
A16: FILOMENA CHIAPPINI | B16: 15/11/2025 | C16: ATTIVAZIONE CONVERGENZA FISSO - MOBILE | D16: 8939108660014930492 | E16: 3292915314 | F16: 46006 | G16: INSERITA IN FAMIGLIA | J16: OK | K16: SCADUTA
A17: KADIMA GABRIEL TSHIMANGA | B17: 22/11/2025 | C17: ATTIVAZIONE CONVERGENZA FISSO - MOBILE | D17: 8939108660014938032 | E17: 3490078709 | F17: 46006 | G17: INSERITA IN FAMIGLIA | J17: OK | K17: SCADUTA
A18: FILOMENA CHIAPPINI | B18: 28/11/2025 | C18: ATTIVAZIONE CONVERGENZA FISSO - MOBILE | D18: 8939108660014930393 | E18: 3801839185 | F18: 46006 | G18: INSERITA IN FAMIGLIA | J18: OK | K18: SCADUTA

Sheet MNP Vasto
A1: VASTO | B1: Column2 | C1: NEGOZIO DI RIFERIMENTO | D1: Column4 | E1: Column5 | F1: Column6 | G1: Column7 | H1: SELEZIONARE ESITO DAL MENÙ A TENDINA E | I1: Column9 | J1: Column10 | K1: Column11 | L1: Column12 | M1: Column13 | N1: Column14 | O1: Column15 | P1: Column16 | Q1: Column17 | R1: Column18 | S1: Column19 | T1: Column20 | U1: Column21 | V1: Column22 | W1: Column23
H2: AGGIUNGERE UN COMMENTO
A3: OPERATORE | B3: DATA | C3: TITOLO | D3: SIM | E3: TELEFONO | F3: VIRTUALE | G3: DATA DI SCADENZA MNP | H3: DATA DI SCADENZA T+1 | I3: ESITO MNP | J3: ESITO RINNOVO T+1 | K3: ESITO BO | L3: NOTE BO | M3: ESITO SUITE
A4: KADIMA GABRIEL TSHIMANGA | B4: 06/11/2025 | C4: ATTIVAZIONE SIM MNP - MASSMARKET | D4: 8939108660007135547 | E4: 3397361077 | F4: NO | G4: 45997 | H4: 46007 | I4: MNP EFFETTUATA | J4: RINNOVO EFFETTUATO | M4: OK | N4: SCADUTA | O4: SCADUTA | P4: SCADUTA | Q4: NON SCADUTA | R4: GESTIONE NON ATTIVA | S4: TIPOLOGIA | T4: NON SCADUTA T1 | U4: MNP EFFETTUATA | V4: ESITO BO
A5: FILOMENA CHIAPPINI | B5: 10/11/2025 | C5: ATTIVAZIONE SIM MNP - MASSMARKET | D5: 8939108630011217607 | E5: 3496092018 | F5: SI | G5: 46001 | H5: 46011 | I5: MNP EFFETTUATA | J5: RINNOVO EFFETTUATO | M5: OK | N5: SCADUTA | O5: SCADUTA | P5: ATTIVITÀ SCADUTA | Q5: MNP EFFETTUATA | S5: SCADUTA | T5: RINNOVO EFFETTUATO | U5: IN ATTESA DI NORMALIZZAZIONE | V5: OK
A6: FILOMENA CHIAPPINI | B6: 10/11/2025 | C6: ATTIVAZIONE SIM MNP - CONVERGENZA FISSO - MOBILE | D6: 8939108640012768144 | E6: 3342562021 | F6: NO | G6: 46001 | H6: 46011 | I6: MNP EFFETTUATA | J6: RINNOVO EFFETTUATO | M6: OK | N6: SCADUTA | O6: SCADUTA | P6: GESTIONE NON ATTIVA | Q6: IN ATTESA DI NORMALIZZAZIONE | S6: NON SCADUTA | T6: SOTTO CREDITO | U6: NON NORMALIZZABILE | V6: IN ATTESA DI NORMALIZZAZIONE
A7: KADIMA GABRIEL TSHIMANGA | B7: 13/11/2025 | C7: ATTIVAZIONE SIM MNP - MASSMARKET | D7: 8939108660014930666 | E7: 3518172977 | F7: NO | G7: 46004 | H7: 46014 | I7: MNP EFFETTUATA | J7: MNP OUT | M7: DA ELIMINARE | N7: SCADUTA | O7: SCADUTA | Q7: NON NORMALIZZABILE | S7: GESTIONE NON ATTIVA | T7: MNP OUT | U7: MNP OUT | V7: NON NORMALIZZABILE
A8: KADIMA GABRIEL TSHIMANGA | B8: 13/11/2025 | C8: ATTIVAZIONE SIM MNP - CONVERGENZA FISSO - MOBILE | D8: 8939108660014930310 | E8: 3479528752 | F8: NO | G8: 46004 | H8: 46014 | I8: MNP EFFETTUATA | J8: RINNOVO EFFETTUATO | M8: OK | N8: SCADUTA | O8: SCADUTA | Q8: MNP OUT | T8: NON NORMALIZZABILE | V8: MNP OUT
A9: FILOMENA CHIAPPINI | B9: 14/11/2025 | C9: ATTIVAZIONE SIM MNP - CONVERGENZA FISSO - MOBILE | D9: 8939108630011216641 | E9: 3772991537 | F9: NO | G9: 46005 | H9: 46015 | I9: MNP EFFETTUATA | J9: RINNOVO EFFETTUATO | M9: OK | N9: SCADUTA | O9: SCADUTA
A10: FILOMENA CHIAPPINI | B10: 14/11/2025 | C10: ATTIVAZIONE SIM MNP - CONVERGENZA FISSO - MOBILE | D10: 8939108640011140915 | E10: 3338486636 | F10: NO | G10: 46005 | H10: 46015 | I10: MNP EFFETTUATA | J10: RINNOVO EFFETTUATO | M10: OK | N10: SCADUTA | O10: SCADUTA
A11: FILOMENA CHIAPPINI | B11: 14/11/2025 | C11: ATTIVAZIONE SIM MNP - CONVERGENZA FISSO - MOBILE | D11: 8939108660014938099 | E11: 3287820290 | F11: NO | G11: 46005 | H11: 46015 | I11: MNP EFFETTUATA | J11: RINNOVO EFFETTUATO | M11: OK | N11: SCADUTA | O11: SCADUTA
A12: FILOMENA CHIAPPINI | B12: 14/11/2025 | C12: ATTIVAZIONE SIM MNP - CONVERGENZA FISSO - MOBILE | D12: 8939108640011140873 | E12: 3286485206 | F12: NO | G12: 46005 | H12: 46015 | I12: MNP EFFETTUATA | J12: RINNOVO EFFETTUATO | M12: OK | N12: SCADUTA | O12: SCADUTA
A13: FILOMENA CHIAPPINI | B13: 15/11/2025 | C13: ATTIVAZIONE SIM MNP - CONVERGENZA FISSO - MOBILE | D13: 8939108630011217185 | E13: 3488941785 | F13: NO | G13: 46006 | H13: 46016 | I13: MNP EFFETTUATA | J13: RINNOVO EFFETTUATO | M13: OK | N13: SCADUTA | O13: SCADUTA
A14: FILOMENA CHIAPPINI | B14: 15/11/2025 | C14: ATTIVAZIONE SIM MNP - CONVERGENZA FISSO - MOBILE | D14: 8939108660014930500 | E14: 3452197494 | F14: NO | G14: 46006 | H14: 46016 | I14: MNP EFFETTUATA | J14: RINNOVO EFFETTUATO | M14: OK | N14: SCADUTA | O14: SCADUTA
A15: FILOMENA CHIAPPINI | B15: 15/11/2025 | C15: ATTIVAZIONE SIM MNP - CONVERGENZA FISSO - MOBILE | D15: 8939108660014938115 | E15: 3935785684 | F15: SI | G15: 46006 | H15: 46016 | I15: MNP EFFETTUATA | J15: RINNOVO EFFETTUATO | M15: OK | N15: SCADUTA | O15: SCADUTA
A16: FILOMENA CHIAPPINI | B16: 15/11/2025 | C16: ATTIVAZIONE SIM MNP - CONVERGENZA FISSO - MOBILE | D16: 8939108660014937943 | E16: 3337162377 | F16: NO | G16: 46006 | H16: 46016 | I16: MNP EFFETTUATA | J16: RINNOVO EFFETTUATO | M16: OK | N16: SCADUTA | O16: SCADUTA
A17: FILOMENA CHIAPPINI | B17: 15/11/2025 | C17: ATTIVAZIONE SIM MNP - CONVERGENZA FISSO - MOBILE | D17: 8939108660014930492 | E17: 3292915314 | F17: SI | G17: 46006 | H17: 46016 | I17: MNP EFFETTUATA | J17: RINNOVO EFFETTUATO | M17: OK | N17: SCADUTA | O17: SCADUTA
A18: KADIMA GABRIEL TSHIMANGA | B18: 20/11/2025 | C18: ATTIVAZIONE SIM MNP - MASSMARKET | D18: 8939108660014938180 | E18: 3202212146 | F18: SI | G18: 46006 | H18: 46021 | I18: MNP EFFETTUATA | J18: RINNOVO EFFETTUATO | M18: OK | N18: SCADUTA | O18: SCADUTA
A19: KADIMA GABRIEL TSHIMANGA | B19: 24/11/2025 | C19: ATTIVAZIONE SIM MNP - MASSMARKET | D19: 8939108660014938040 | E19: 3497939371 | F19: SI | G19: 46006 | H19: 46025 | I19: MNP EFFETTUATA | J19: RINNOVO EFFETTUATO | M19: OK | N19: SCADUTA | O19: SCADUTA
A20: KADIMA GABRIEL TSHIMANGA | B20: 25/11/2025 | C20: ATTIVAZIONE SIM MNP - MASSMARKET | D20: 8939108630011216542 | E20: 3887205939 | F20: NO | G20: 46006 | H20: 46026 | I20: MNP EFFETTUATA | J20: SOTTO CREDITO | N20: SCADUTA | O20: SCADUTA
A21: FILOMENA CHIAPPINI | B21: 28/11/2025 | C21: ATTIVAZIONE SIM MNP - CONVERGENZA FISSO - MOBILE | D21: 8939108660014930393 | E21: 3801839185 | F21: NO | G21: 46006 | H21: 46027 | I21: MNP EFFETTUATA | J21: RINNOVO EFFETTUATO | M21: OK | N21: SCADUTA | O21: SCADUTA

Sheet MNP Centro Dabruzzo
A1: SAN GIOVANNI TEATINO | B1: Column2 | C1: NEGOZIO DI RIFERIMENTO | D1: Column4 | E1: Column5 | F1: Column6 | G1: Column7 | H1: SELEZIONARE ESITO DAL MENÙ A TENDINA E | I1: Column9 | J1: Column10 | K1: Column11 | L1: Column12 | M1: Column13 | N1: Column14 | O1: Column15 | P1: Column16 | Q1: Column17 | R1: Column18 | S1: Column19 | T1: Column20 | U1: Column21 | V1: Column22 | W1: Column23
H2: AGGIUNGERE UN COMMENTO
A3: OPERATORE | B3: DATA | C3: TITOLO | D3: SIM | E3: TELEFONO | F3: VIRTUALE | G3: DATA DI SCADENZA MNP | H3: DATA DI SCADENZA T+1 | I3: ESITO MNP | J3: ESITO RINNOVO T+1 | K3: ESITO BO | L3: NOTE BO | M3: ESITO SUITE
A4: GIANPIO APRILE | B4: 01/11/2025 | C4: SIM SCONTATA - ATTIVAZIONE SIM MNP - CONV. FISSO - MOBILE | D4: 8939108640012759879 | E4: 3519208531 | F4: SI | G4: 45992 | H4: 46002 | I4: MNP EFFETTUATA | N4: SCADUTA | O4: SCADUTA | P4: SCADUTA | Q4: NON SCADUTA | R4: GESTIONE NON ATTIVA | S4: TIPOLOGIA | T4: NON SCADUTA T1 | U4: MNP EFFETTUATA | V4: ESITO BO
A5: STEFANO CHIACCHIA | B5: 01/11/2025 | C5: ATTIVAZIONE SIM MNP - CONVERGENZA FISSO - MOBILE | D5: 8939108640012759770 | E5: 3917580371 | F5: NO | G5: 45992 | H5: 46002 | I5: MNP EFFETTUATA | N5: SCADUTA | O5: SCADUTA | P5: ATTIVITÀ SCADUTA | Q5: MNP EFFETTUATA | S5: SCADUTA | T5: RINNOVO EFFETTUATO | U5: IN ATTESA DI NORMALIZZAZIONE | V5: OK
A6: GIANPIO APRILE | B6: 02/11/2025 | C6: SIM SCONTATA - ATTIVAZIONE SIM MNP - CONV. FISSO - MOBILE | D6: 8939108640012797846 | E6: 3923816551 | F6: SI | G6: 45993 | H6: 46003 | I6: MNP EFFETTUATA | N6: SCADUTA | O6: SCADUTA | P6: GESTIONE NON ATTIVA | Q6: IN ATTESA DI NORMALIZZAZIONE | S6: NON SCADUTA | T6: SOTTO CREDITO | U6: NON NORMALIZZABILE | V6: IN ATTESA DI NORMALIZZAZIONE
A7: FEDERICA GIOIA PITUCCI | B7: 02/11/2025 | C7: SIM SCONTATA - ATTIVAZIONE SIM MNP - CONV. FISSO - MOBILE | D7: 8939108640012759796 | E7: 3423750387 | F7: SI | G7: 45993 | H7: 46003 | I7: MNP EFFETTUATA | N7: SCADUTA | O7: SCADUTA | Q7: NON NORMALIZZABILE | S7: GESTIONE NON ATTIVA | T7: MNP OUT | U7: MNP OUT | V7: NON NORMALIZZABILE
A8: CLAUDIA NISTA | B8: 03/11/2025 | C8: ATTIVAZIONE SIM MNP - MASSMARKET | D8: 8939108640012759812 | E8: 3200618653 | F8: SI | G8: 45994 | H8: 46004 | I8: MNP EFFETTUATA | N8: SCADUTA | O8: SCADUTA | Q8: MNP OUT | T8: NON NORMALIZZABILE | V8: MNP OUT
A9: STEFANO CHIACCHIA | B9: 05/11/2025 | C9: ATTIVAZIONE SIM MNP - MASSMARKET | D9: 8939108640012759358 | E9: 3290746858 | F9: NO | G9: 45996 | H9: 46006 | I9: MNP EFFETTUATA | N9: SCADUTA | O9: SCADUTA
A10: FEDERICA GIOIA PITUCCI | B10: 05/11/2025 | C10: ATTIVAZIONE SIM MNP - CONVERGENZA FISSO - MOBILE | D10: 8939108630011262678 | E10: 32889113364 | F10: SI | G10: 45996 | H10: 46006 | I10: MNP EFFETTUATA | N10: SCADUTA | O10: SCADUTA
A11: FEDERICA GIOIA PITUCCI | B11: 05/11/2025 | C11: ATTIVAZIONE SIM MNP - CONVERGENZA FISSO - MOBILE | D11: 8939108630011262371 | E11: 3247499151 | F11: SI | G11: 45996 | H11: 46006 | I11: MNP EFFETTUATA | N11: SCADUTA | O11: SCADUTA
A12: STEFANO CHIACCHIA | B12: 06/11/2025 | C12: ATTIVAZIONE SIM MNP - MASSMARKET | D12: 8939108640012759747 | E12: 3894463798 | F12: NO | G12: 45997 | H12: 46007 | I12: MNP EFFETTUATA | N12: SCADUTA | O12: SCADUTA
A13: STEFANO CHIACCHIA | B13: 06/11/2025 | C13: ATTIVAZIONE SIM MNP - MASSMARKET | D13: 8939108640012759762 | E13: 3894523148 | F13: NO | G13: 45997 | H13: 46007 | I13: MNP EFFETTUATA | N13: SCADUTA | O13: SCADUTA
A14: STEFANO CHIACCHIA | B14: 08/11/2025 | C14: ATTIVAZIONE SIM MNP - MASSMARKET | D14: 8939108640012798000 | E14: 3296920208 | F14: NO | G14: 45999 | H14: 46009 | I14: MNP EFFETTUATA | J14: RINNOVO EFFETTUATO | M14: OK | N14: SCADUTA | O14: SCADUTA
A15: GIANPIO APRILE | B15: 08/11/2025 | C15: SIM SCONTATA - ATTIVAZIONE SIM MNP - CONV. FISSO - MOBILE | D15: 8939108640012759234 | E15: 3393247002 | F15: NO | G15: 45999 | H15: 46009 | I15: MNP EFFETTUATA | J15: RINNOVO EFFETTUATO | M15: OK | N15: SCADUTA | O15: SCADUTA
A16: STEFANO CHIACCHIA | B16: 09/11/2025 | C16: ATTIVAZIONE SIM MNP - MASSMARKET | D16: 8939108630011262199 | E16: 3473385932 | F16: NO | G16: 46000 | H16: 46010 | I16: MNP EFFETTUATA | J16: RINNOVO EFFETTUATO | M16: OK | N16: SCADUTA | O16: SCADUTA
A17: CLAUDIA NISTA | B17: 10/11/2025 | C17: ATTIVAZIONE SIM MNP - MASSMARKET | D17: 8939108630011262249 | E17: 3470367394 | F17: SI | G17: 46001 | H17: 46011 | N17: SCADUTA | O17: SCADUTA
A18: FEDERICA GIOIA PITUCCI | B18: 10/11/2025 | C18: ATTIVAZIONE SIM MNP - CONVERGENZA FISSO - MOBILE | D18: 8939108650000873459 | E18: 3406723445 | F18: SI | G18: 46001 | H18: 46011 | N18: SCADUTA | O18: SCADUTA
A19: GIANPIO APRILE | B19: 11/11/2025 | C19: SIM SCONTATA - ATTIVAZIONE SIM MNP - CONV. FISSO - MOBILE | D19: 8939108630011263437 | E19: 3409731919 | F19: NO | G19: 46002 | H19: 46012 | N19: SCADUTA | O19: SCADUTA
A20: GIANPIO APRILE | B20: 12/11/2025 | C20: ATTIVAZIONE SIM MNP - MASSMARKET | D20: 8939108640012759127 | E20: 3333906292 | F20: SI | G20: 46003 | H20: 46013 | N20: SCADUTA | O20: SCADUTA
A21: STEFANO CHIACCHIA | B21: 14/11/2025 | C21: ATTIVAZIONE SIM MNP - MASSMARKET | D21: 8939108640012760034 | E21: 3757949674 | F21: NO | G21: 46005 | H21: 46015 | N21: SCADUTA | O21: SCADUTA
A22: STEFANO CHIACCHIA | B22: 14/11/2025 | C22: ATTIVAZIONE SIM MNP - MASSMARKET | D22: 8939108640012759416 | E22: 3803428135 | F22: NO | G22: 46005 | H22: 46015 | N22: SCADUTA | O22: SCADUTA
A23: STEFANO CHIACCHIA | B23: 14/11/2025 | C23: ATTIVAZIONE SIM MNP - CONVERGENZA FISSO - MOBILE | D23: 8939108640012759432 | E23: 3914547340 | F23: SI | G23: 46005 | H23: 46015 | N23: SCADUTA | O23: SCADUTA
A24: GIANPIO APRILE | B24: 15/11/2025 | C24: ATTIVAZIONE SIM MNP - CONVERGENZA FISSO - MOBILE | D24: 8939108640012797663 | E24: 3382067877 | F24: NO | G24: 46006 | H24: 46016 | N24: SCADUTA | O24: SCADUTA
A25: STEFANO CHIACCHIA | B25: 16/11/2025 | C25: ATTIVAZIONE SIM MNP - MASSMARKET | D25: 8939108640012798018 | E25: 3914800012 | F25: NO | G25: 46006 | H25: 46017 | N25: SCADUTA | O25: SCADUTA
A26: STEFANO CHIACCHIA | B26: 16/11/2025 | C26: SIM SCONTATA - ATTIVAZIONE SIM MNP - CONV. FISSO - MOBILE | D26: 8939108640012797960 | E26: 3496622410 | F26: NO | G26: 46006 | H26: 46017 | N26: SCADUTA | O26: SCADUTA
A27: STEFANO CHIACCHIA | B27: 16/11/2025 | C27: ATTIVAZIONE SIM MNP - CONVERGENZA FISSO - MOBILE | D27: 8939108640012797796 | E27: 3403791639 | F27: NO | G27: 46006 | H27: 46017 | N27: SCADUTA | O27: SCADUTA
A28: FEDERICA GIOIA PITUCCI | B28: 17/11/2025 | C28: ATTIVAZIONE SIM MNP - CONVERGENZA FISSO - MOBILE | D28: 8939108640012759838 | E28: 3388735927 | F28: NO | G28: 46006 | H28: 46018 | N28: SCADUTA | O28: SCADUTA
... A46: GIANPIO APRILE | B46: 29/11/2025 | C46: ATTIVAZIONE SIM MNP - CONVERGENZA FISSO - MOBILE | D46: 8939108640012759648 | E46: 3298027480 | F46: NO | G46: 46006 | H46: 46027 | N46: SCADUTA | O46: SCADUTA

Sheet MNP PG
A1: PORTO GRANDE | B1: Column2 | C1: NEGOZIO DI RIFERIMENTO | D1: Column4 | E1: Column5 | F1: Column6 | G1: Column7 | H1: SELEZIONARE ESITO DAL MENÙ A TENDINA E | I1: Column9 | J1: Column10 | K1: Column11 | L1: Column12 | M1: Column13 | N1: Column14 | O1: Column15 | P1: Column16 | Q1: Column17 | R1: Column18 | S1: Column19 | T1: Column20 | U1: Column21 | V1: Column22 | W1: Column23
H2: AGGIUNGERE UN COMMENTO
A3: OPERATORE | B3: DATA | C3: TITOLO | D3: SIM | E3: TELEFONO | F3: VIRTUALE | G3: DATA DI SCADENZA MNP | H3: DATA DI SCADENZA T+1 | I3: ESITO MNP | J3: ESITO RINNOVO T+1 | K3: ESITO BO | L3: NOTE BO | M3: ESITO SUITE
A4: STEFANO SEBASTIANI | B4: 01/11/2025 | C4: ATTIVAZIONE SIM MNP - CONVERGENZA FISSO - MOBILE | D4: 8939108640011231516 | E4: 3661861482 | F4: NO | G4: 45992 | H4: 46002 | I4: MNP EFFETTUATA | J4: RINNOVO EFFETTUATO | M4: OK | N4: SCADUTA | O4: SCADUTA | P4: SCADUTA | Q4: NON SCADUTA | R4: GESTIONE NON ATTIVA | S4: TIPOLOGIA | T4: NON SCADUTA T1 | U4: MNP EFFETTUATA | V4: ESITO BO
A5: SAVERIO LA FORGIA | B5: 02/11/2025 | C5: ATTIVAZIONE SIM MNP - MASSMARKET | D5: 8939108640011231110 | E5: 3494576985 | F5: SI | G5: 45993 | H5: 46003 | I5: MNP EFFETTUATA | J5: RINNOVO EFFETTUATO | M5: OK | N5: SCADUTA | O5: SCADUTA | P5: ATTIVITÀ SCADUTA | Q5: MNP EFFETTUATA | S5: SCADUTA | T5: RINNOVO EFFETTUATO | U5: IN ATTESA DI NORMALIZZAZIONE | V5: OK
A6: SAVERIO LA FORGIA | B6: 05/11/2025 | C6: ATTIVAZIONE SIM MNP - MASSMARKET | D6: 8939108630011266265 | E6: 3285888984 | F6: NO | G6: 45996 | H6: 46006 | I6: MNP EFFETTUATA | J6: RINNOVO EFFETTUATO | M6: OK | N6: SCADUTA | O6: SCADUTA | P6: GESTIONE NON ATTIVA | Q6: IN ATTESA DI NORMALIZZAZIONE | S6: NON SCADUTA | T6: SOTTO CREDITO | U6: NON NORMALIZZABILE | V6: IN ATTESA DI NORMALIZZAZIONE
A7: SAVERIO LA FORGIA | B7: 05/11/2025 | C7: ATTIVAZIONE SIM MNP - MASSMARKET | D7: 8939108630011266281 | E7: 3429450904 | F7: NO | G7: 45996 | H7: 46006 | I7: MNP EFFETTUATA | J7: RINNOVO EFFETTUATO | M7: OK | N7: SCADUTA | O7: SCADUTA | Q7: NON NORMALIZZABILE | S7: GESTIONE NON ATTIVA | T7: MNP OUT | U7: MNP OUT | V7: NON NORMALIZZABILE
A8: SAVERIO LA FORGIA | B8: 05/11/2025 | C8: ATTIVAZIONE SIM MNP - MASSMARKET | D8: 8939108630011266299 | E8: 3515494478 | F8: SI | G8: 45996 | H8: 46006 | I8: MNP EFFETTUATA | J8: RINNOVO EFFETTUATO | M8: OK | N8: SCADUTA | O8: SCADUTA | Q8: MNP OUT | T8: NON NORMALIZZABILE | V8: MNP OUT
A9: STEFANO SEBASTIANI | B9: 08/11/2025 | C9: ATTIVAZIONE SIM MNP - CONVERGENZA FISSO - MOBILE | D9: 8939108640012942814 | E9: 3278268391 | F9: SI | G9: 45999 | H9: 46009 | I9: MNP EFFETTUATA | J9: RINNOVO EFFETTUATO | M9: OK | N9: SCADUTA | O9: SCADUTA
A10: SAVERIO LA FORGIA | B10: 09/11/2025 | C10: ATTIVAZIONE SIM MNP - CONVERGENZA FISSO - MOBILE | D10: 8939108630011265564 | E10: 3516356425 | F10: SI | G10: 46000 | H10: 46010 | I10: MNP EFFETTUATA | J10: RINNOVO EFFETTUATO | M10: OK | N10: SCADUTA | O10: SCADUTA
A11: SAVERIO LA FORGIA | B11: 09/11/2025 | C11: ATTIVAZIONE SIM MNP - CONVERGENZA FISSO - MOBILE | D11: 8939108630011265622 | E11: 3495204381 | F11: SI | G11: 46000 | H11: 46010 | I11: MNP EFFETTUATA | J11: RINNOVO EFFETTUATO | M11: OK | N11: SCADUTA | O11: SCADUTA
A12: SAVERIO LA FORGIA | B12: 09/11/2025 | C12: ATTIVAZIONE SIM MNP - CONVERGENZA FISSO - MOBILE | D12: 8939108630011265267 | E12: 3517666045 | F12: SI | G12: 46000 | H12: 46010 | I12: MNP EFFETTUATA | J12: RINNOVO EFFETTUATO | M12: OK | N12: SCADUTA | O12: SCADUTA
A13: SAVERIO LA FORGIA | B13: 10/11/2025 | C13: ATTIVAZIONE SIM MNP - MASSMARKET | D13: 8939108640015020790 | E13: 3338858247 | F13: NO | G13: 46001 | H13: 46011 | I13: MNP EFFETTUATA | J13: RINNOVO EFFETTUATO | M13: OK | N13: SCADUTA | O13: SCADUTA
A14: SAVERIO LA FORGIA | B14: 10/11/2025 | C14: ATTIVAZIONE SIM MNP - MASSMARKET | D14: 8939108640013555763 | E14: 3349864055 | F14: SI | G14: 46001 | H14: 46011 | I14: MNP EFFETTUATA | J14: RINNOVO EFFETTUATO | M14: OK | N14: SCADUTA | O14: SCADUTA
A15: SAVERIO LA FORGIA | B15: 10/11/2025 | C15: ATTIVAZIONE SIM MNP - CONVERGENZA FISSO - MOBILE | D15: 8939108630011265598 | E15: 3285814669 | F15: NO | G15: 46001 | H15: 46011 | I15: MNP EFFETTUATA | J15: RINNOVO EFFETTUATO | M15: OK | N15: SCADUTA | O15: SCADUTA
A16: SAVERIO LA FORGIA | B16: 12/11/2025 | C16: ATTIVAZIONE SIM MNP - MASSMARKET | D16: 8939108660011419895 | E16: 3892858464 | F16: SI | G16: 46003 | H16: 46013 | I16: MNP EFFETTUATA | J16: RINNOVO EFFETTUATO | M16: OK | N16: SCADUTA | O16: SCADUTA
A17: SAVERIO LA FORGIA | B17: 12/11/2025 | C17: ATTIVAZIONE SIM MNP - MASSMARKET | D17: 8939108630011266257 | E17: 3495129019 | F17: SI | G17: 46003 | H17: 46013 | I17: MNP EFFETTUATA | J17: RINNOVO EFFETTUATO | M17: OK | N17: SCADUTA | O17: SCADUTA
A18: SAVERIO LA FORGIA | B18: 13/11/2025 | C18: ATTIVAZIONE SIM MNP - MASSMARKET | D18: 8939108650001877426 | E18: 3703737159 | F18: SI | G18: 46004 | H18: 46014 | I18: MNP EFFETTUATA | J18: RINNOVO EFFETTUATO | M18: OK | N18: SCADUTA | O18: SCADUTA
A19: STEFANO SEBASTIANI | B19: 14/11/2025 | C19: ATTIVAZIONE SIM MNP - MASSMARKET | D19: 8939108640015020717 | E19: 3337733563 | F19: NO | G19: 46005 | H19: 46015 | I19: MNP EFFETTUATA | J19: SOTTO CREDITO | N19: SCADUTA | O19: SCADUTA
A20: SAVERIO LA FORGIA | B20: 15/11/2025 | C20: ATTIVAZIONE SIM MNP - MASSMARKET | D20: 8939108660014733276 | E20: 3482234123 | F20: NO | G20: 46006 | H20: 46016 | I20: MNP EFFETTUATA | J20: RINNOVO EFFETTUATO | M20: OK | N20: SCADUTA | O20: SCADUTA
A21: SAVERIO LA FORGIA | B21: 16/11/2025 | C21: ATTIVAZIONE SIM MNP - MASSMARKET | D21: 8939108660014733433 | E21: 3278554507 | F21: NO | G21: 46006 | H21: 46017 | I21: MNP EFFETTUATA | J21: RINNOVO EFFETTUATO | M21: OK | N21: SCADUTA | O21: SCADUTA
A22: STEFANO SEBASTIANI | B22: 16/11/2025 | C22: ATTIVAZIONE SIM MNP - CONVERGENZA FISSO - MOBILE | D22: 8939108640012949405 | E22: 3270264776 | F22: SI | G22: 46006 | H22: 46017 | I22: MNP EFFETTUATA | J22: RINNOVO EFFETTUATO | M22: OK | N22: SCADUTA | O22: SCADUTA
A23: STEFANO SEBASTIANI | B23: 16/11/2025 | C23: ATTIVAZIONE SIM MNP - CONVERGENZA FISSO - MOBILE | D23: 8939108660014733011 | E23: 3513799850 | F23: SI | G23: 46006 | H23: 46017 | I23: MNP EFFETTUATA | J23: RINNOVO EFFETTUATO | M23: OK | N23: SCADUTA | O23: SCADUTA
A24: FEDERICA LACARBONARA | B24: 17/11/2025 | C24: SIM SCONTATA - ATTIVAZIONE SIM MNP - CONV. FISSO - MOBILE | D24: 8939108640011231953 | E24: 3893426863 | F24: NO | G24: 46006 | H24: 46018 | I24: MNP EFFETTUATA | J24: RINNOVO EFFETTUATO | M24: OK | N24: SCADUTA | O24: SCADUTA
A25: SAVERIO LA FORGIA | B25: 18/11/2025 | C25: ATTIVAZIONE SIM MNP - MASSMARKET | D25: 8939108660014733367 | E25: 3471505082 | F25: NO | G25: 46006 | H25: 46019 | I25: MNP EFFETTUATA | J25: RINNOVO EFFETTUATO | M25: OK | N25: SCADUTA | O25: SCADUTA
A26: SAVERIO LA FORGIA | B26: 19/11/2025 | C26: ATTIVAZIONE SIM MNP - ETNICO | D26: 8939108660014733375 | E26: 3508227312 | F26: SI | G26: 46006 | H26: 46020 | I26: NON NORMALIZZABILE | J26: RINNOVO EFFETTUATO | M26: DA ELIMINARE | N26: SCADUTA | O26: SCADUTA
A27: SAVERIO LA FORGIA | B27: 19/11/2025 | C27: ATTIVAZIONE SIM MNP - CONVERGENZA FISSO - MOBILE | D27: 8939108660014733029 | E27: 3338510898 | F27: NO | G27: 46006 | H27: 46020 | I27: MNP EFFETTUATA | J27: RINNOVO EFFETTUATO | M27: OK | N27: SCADUTA | O27: SCADUTA
A28: SAVERIO LA FORGIA | B28: 19/11/2025 | C28: ATTIVAZIONE SIM MNP - CONVERGENZA FISSO - MOBILE | D28: 8939108660014733037 | E28: 3403299865 | F28: SI | G28: 46006 | H28: 46020 | I28: MNP EFFETTUATA | J28: RINNOVO EFFETTUATO | M28: OK | N28: SCADUTA | O28: SCADUTA
A29: SAVERIO LA FORGIA | B29: 20/11/2025 | C29: ATTIVAZIONE SIM MNP - MASSMARKET | D29: 8939108660014733102 | E29: 3917693214 | F29: NO | G29: 46006 | H29: 46021 | I29: MNP EFFETTUATA | J29: RINNOVO EFFETTUATO | M29: OK | N29: SCADUTA | O29: SCADUTA
A30: SAVERIO LA FORGIA | B30: 22/11/2025 | C30: ATTIVAZIONE SIM MNP - MASSMARKET | D30: 8939108660014733417 | E30: 3400793580 | F30: NO | G30: 46006 | H30: 46023 | I30: MNP EFFETTUATA | J30: RINNOVO EFFETTUATO | M30: OK | N30: SCADUTA | O30: SCADUTA
A31: STEFANO SEBASTIANI | B31: 22/11/2025 | C31: ATTIVAZIONE SIM MNP - CONVERGENZA FISSO - MOBILE | D31: 8939108660014732724 | E31: 3287188895 | F31: NO | G31: 46006 | H31: 46023 | I31: MNP EFFETTUATA | J31: RINNOVO EFFETTUATO | M31: OK | N31: SCADUTA | O31: SCADUTA
... A44: SAVERIO LA FORGIA | B44: 30/11/2025 | C44: ATTIVAZIONE SIM MNP - CONVERGENZA FISSO - MOBILE | D44: 8939108660011419325 | E44: 3387141417 | F44: NO | G44: 46006 | H44: 46027 | I44: MNP EFFETTUATA | J44: RINNOVO EFFETTUATO | M44: OK | N44: SCADUTA | O44: NON SCADUTA T1

Sheet FAMILY Conero
A1: CONERO | B1: Column2 | C1: NEGOZIO DI RIFERIMENTO | D1: Column4 | E1: Column5 | F1: SELEZIONARE ESITO DAL MENÙ A TENDINA E | G1: Column7 | H1: Column8 | I1: Column9 | J1: Column10 | K1: Column11 | L1: Column12 | M1: Column13 | N1: Column14 | O1: Column15 | P1: Column16 | Q1: Column17
F2: AGGIUNGERE UN COMMENTO
A3: OPERATORE | B3: DATA | C3: TITOLO | D3: SIM | E3: TELEFONO | F3: DATA DI SCADENZA | G3: ESITO | H3: ESITO BO | I3: NOTE BO | J3: ESITO SUITE
A4: ALESSIO PALERMO | B4: 01/11/2025 | C4: ATTIVAZIONE CONVERGENZA FISSO - MOBILE | D4: 8939108630011367147 | E4: 3714463634 | F4: 45992 | G4: NON NORMALIZZABILE | J4: DA ELIMINARE | K4: SCADUTA | L4: SCADUTA | M4: NON SCADUTA | O4: TIPOLOGIA | Q4: INSERITA IN FAMIGLIA
A5: DAFNE MONACA | B5: 01/11/2025 | C5: ATTIVAZIONE CONVERGENZA FISSO - MOBILE | D5: 8939108630011367204 | E5: 3473638456 | F5: 45992 | G5: INSERITA IN FAMIGLIA | J5: OK | K5: SCADUTA | L5: ATTIVITÀ SCADUTA | M5: INSERITA IN FAMIGLIA | O5: SCADUTA | Q5: IN ATTESA DI NORMALIZZAZIONE
A6: ALESSIO PALERMO | B6: 03/11/2025 | C6: ATTIVAZIONE CONVERGENZA FISSO - MOBILE | D6: 8939108630011366271 | E6: 3331307672 | F6: 45994 | G6: INSERITA IN FAMIGLIA | J6: OK | K6: SCADUTA | M6: IN ATTESA DI NORMALIZZAZIONE | O6: NON SCADUTA | Q6: NON NORMALIZZABILE
A7: ALESSIO PALERMO | B7: 03/11/2025 | C7: ATTIVAZIONE CONVERGENZA FISSO - MOBILE | D7: 8939108630011366164 | E7: 3318085305 | F7: 45994 | G7: INSERITA IN FAMIGLIA | J7: OK | K7: SCADUTA | M7: NON NORMALIZZABILE | Q7: MNP OUT
A8: EDOARDO GERMINARIO | B8: 06/11/2025 | C8: ATTIVAZIONE CONVERGENZA FISSO - MOBILE | D8: 8939108640011143224 | E8: 3496871791 | F8: 45997 | G8: INSERITA IN FAMIGLIA | J8: OK | K8: SCADUTA | M8: MNP OUT
A9: EDOARDO GERMINARIO | B9: 06/11/2025 | C9: ATTIVAZIONE CONVERGENZA FISSO - MOBILE | D9: 8939108630011367220 | E9: 3492918729 | F9: 45997 | G9: INSERITA IN FAMIGLIA | J9: OK | K9: SCADUTA
A10: EDOARDO GERMINARIO | B10: 06/11/2025 | C10: ATTIVAZIONE CONVERGENZA FISSO - MOBILE | D10: 8939108640011480162 | E10: 3396278211 | F10: 45997 | G10: INSERITA IN FAMIGLIA | J10: OK | K10: SCADUTA
A11: ALESSIO PALERMO | B11: 07/11/2025 | C11: ATTIVAZIONE CONVERGENZA FISSO - MOBILE | D11: 8939108640011143554 | E11: 3383263150 | F11: 45998 | G11: INSERITA IN FAMIGLIA | J11: OK | K11: SCADUTA
A12: DAFNE MONACA | B12: 11/11/2025 | C12: ATTIVAZIONE CONVERGENZA FISSO - MOBILE | D12: 8939108630011366487 | E12: 3288623275 | F12: 46011 | G12: IN ATTESA DI NORMALIZZAZIONE | K12: SCADUTA
A13: DAFNE MONACA | B13: 11/11/2025 | C13: ATTIVAZIONE CONVERGENZA FISSO - MOBILE | D13: 8939108630011366545 | E13: 3493647991 | F13: 46002 | G13: INSERITA IN FAMIGLIA | J13: OK | K13: SCADUTA
A14: EDOARDO GERMINARIO | B14: 12/11/2025 | C14: ATTIVAZIONE CONVERGENZA FISSO - MOBILE | D14: 8939108640011143513 | E14: 3713631840 | F14: 46003 | G14: INSERITA IN FAMIGLIA | J14: OK | K14: SCADUTA
A15: EDOARDO GERMINARIO | B15: 13/11/2025 | C15: ATTIVAZIONE CONVERGENZA FISSO - MOBILE | D15: 8939108660014731635 | E15: 3287723107 | F15: 46004 | G15: INSERITA IN FAMIGLIA | J15: OK | K15: SCADUTA
A16: EDOARDO GERMINARIO | B16: 13/11/2025 | C16: ATTIVAZIONE CONVERGENZA FISSO - MOBILE | D16: 8939108660014731809 | E16: 3517177791 | F16: 46004 | G16: INSERITA IN FAMIGLIA | J16: OK | K16: SCADUTA
A17: ALESSIO PALERMO | B17: 15/11/2025 | C17: ATTIVAZIONE CONVERGENZA FISSO - MOBILE | D17: 8939108640011480543 | E17: 3331371046 | F17: 46006 | G17: INSERITA IN FAMIGLIA | J17: OK | K17: SCADUTA
A18: ALESSIO PALERMO | B18: 15/11/2025 | C18: ATTIVAZIONE CONVERGENZA FISSO - MOBILE | D18: 8939108640011143448 | E18: 3917169390 | F18: 46006 | G18: INSERITA IN FAMIGLIA | J18: OK | K18: SCADUTA
A19: EDOARDO GERMINARIO | B19: 16/11/2025 | C19: ATTIVAZIONE CONVERGENZA FISSO - MOBILE | D19: 8939108660014732302 | E19: 3347384227 | F19: 46006 | G19: INSERITA IN FAMIGLIA | J19: OK | K19: SCADUTA
A20: ALESSIO PALERMO | B20: 17/11/2025 | C20: ATTIVAZIONE CONVERGENZA FISSO - MOBILE | D20: 8939108640011143174 | E20: 3475009744 | F20: 46006 | G20: INSERITA IN FAMIGLIA | J20: OK | K20: SCADUTA
A21: ALESSIO PALERMO | B21: 17/11/2025 | C21: ATTIVAZIONE CONVERGENZA FISSO - MOBILE | D21: 8939108660014732161 | E21: 3343380090 | F21: 46006 | G21: INSERITA IN FAMIGLIA | J21: OK | K21: SCADUTA
A22: DAFNE MONACA | B22: 21/11/2025 | C22: ATTIVAZIONE CONVERGENZA FISSO - MOBILE | D22: 8939108630011366776 | E22: 3496228829 | F22: 46006 | G22: INSERITA IN FAMIGLIA | J22: OK | K22: SCADUTA
A23: ALESSIO PALERMO | B23: 22/11/2025 | C23: ATTIVAZIONE CONVERGENZA FISSO - MOBILE | D23: 8939108630011366685 | E23: 3920469653 | F23: 46006 | G23: INSERITA IN FAMIGLIA | J23: OK | K23: SCADUTA
A24: ALESSIO PALERMO | B24: 22/11/2025 | C24: ATTIVAZIONE CONVERGENZA FISSO - MOBILE | D24: 8939108630011366552 | E24: 3922669896 | F24: 46006 | G24: INSERITA IN FAMIGLIA | J24: OK | K24: SCADUTA
... A32: EDOARDO GERMINARIO | B32: 26/11/2025 | C32: ATTIVAZIONE CONVERGENZA FISSO - MOBILE | D32: 8939108660014732674 | E32: 3271266920 | F32: 46006 | G32: INSERITA IN FAMIGLIA | J32: OK | K32: SCADUTA
A33: EDOARDO GERMINARIO | B33: 27/11/2025 | C33: ATTIVAZIONE CONVERGENZA FISSO - MOBILE | D33: 8939108660014731502 | E33: 3474526571 | F33: 46011 | G33: IN ATTESA DI NORMALIZZAZIONE | K33: SCADUTA
A34: EDOARDO GERMINARIO | B34: 28/11/2025 | C34: ATTIVAZIONE CONVERGENZA FISSO - MOBILE | D34: 8939108660014731486 | E34: 3341236296 | F34: 46006 | G34: INSERITA IN FAMIGLIA | J34: OK | K34: SCADUTA

Sheet MNP Conero
A1: CONERO | B1: Column2 | C1: NEGOZIO DI RIFERIMENTO | D1: Column4 | E1: Column5 | F1: Column6 | G1: Column7 | H1: SELEZIONARE ESITO DAL MENÙ A TENDINA E | I1: Column9 | J1: Column10 | K1: Column11 | L1: Column12 | M1: Column13 | N1: Column14 | O1: Column15 | P1: Column16 | Q1: Column17 | R1: Column18 | S1: Column19 | T1: Column20 | U1: Column21 | V1: Column22 | W1: Column23
H2: AGGIUNGERE UN COMMENTO
A3: OPERATORE | B3: DATA | C3: TITOLO | D3: SIM | E3: TELEFONO | F3: VIRTUALE | G3: DATA DI SCADENZA MNP | H3: DATA DI SCADENZA T+1 | I3: ESITO MNP | J3: ESITO RINNOVO T+1 | K3: ESITO BO | L3: NOTE BO | M3: ESITO SUITE
A4: DAFNE MONACA | B4: 01/11/2025 | C4: ATTIVAZIONE SIM MNP - MASSMARKET | D4: 8939108630011367097 | E4: 3929061504 | F4: NO | G4: 45992 | H4: 46002 | I4: MNP EFFETTUATA | J4: RINNOVO EFFETTUATO | M4: OK | N4: SCADUTA | O4: SCADUTA | P4: SCADUTA | Q4: NON SCADUTA | R4: GESTIONE NON ATTIVA | S4: TIPOLOGIA | T4: NON SCADUTA T1 | U4: MNP EFFETTUATA | V4: ESITO BO
A5: EDOARDO GERMINARIO | B5: 01/11/2025 | C5: SIM SCONTATA - ATTIVAZIONE SIM MNP - CONV. FISSO - MOBILE | D5: 8939108630011367196 | E5: 3312171007 | F5: SI | G5: 45992 | H5: 46002 | I5: MNP EFFETTUATA | J5: RINNOVO EFFETTUATO | M5: OK | N5: SCADUTA | O5: SCADUTA | P5: ATTIVITÀ SCADUTA | Q5: MNP EFFETTUATA | S5: SCADUTA | T5: RINNOVO EFFETTUATO | U5: IN ATTESA DI NORMALIZZAZIONE | V5: OK
A6: EDOARDO GERMINARIO | B6: 01/11/2025 | C6: SIM SCONTATA - ATTIVAZIONE SIM MNP - CONV. FISSO - MOBILE | D6: 8939108630011366131 | E6: 3207664948 | F6: NO | G6: 45992 | H6: 46002 | I6: MNP EFFETTUATA | J6: RINNOVO EFFETTUATO | M6: OK | N6: SCADUTA | O6: SCADUTA | P6: GESTIONE NON ATTIVA | Q6: IN ATTESA DI NORMALIZZAZIONE | S6: NON SCADUTA | T6: SOTTO CREDITO | U6: NON NORMALIZZABILE | V6: IN ATTESA DI NORMALIZZAZIONE
A7: ALESSIO PALERMO | B7: 01/11/2025 | C7: ATTIVAZIONE SIM MNP - CONVERGENZA FISSO - MOBILE | D7: 8939108630011367147 | E7: 3714463634 | F7: SI | G7: 45992 | H7: 46002 | I7: MNP EFFETTUATA | J7: RINNOVO EFFETTUATO | M7: OK | N7: SCADUTA | O7: SCADUTA | Q7: NON NORMALIZZABILE | S7: GESTIONE NON ATTIVA | T7: MNP OUT | U7: MNP OUT | V7: NON NORMALIZZABILE
A8: EDOARDO GERMINARIO | B8: 02/11/2025 | C8: ATTIVAZIONE SIM MNP - MASSMARKET | D8: 8939108630011366180 | E8: 3896203818 | F8: NO | G8: 45993 | H8: 46003 | I8: MNP EFFETTUATA | J8: RINNOVO EFFETTUATO | M8: OK | N8: SCADUTA | O8: SCADUTA | Q8: MNP OUT | T8: NON NORMALIZZABILE | V8: MNP OUT
A9: ALESSIO PALERMO | B9: 03/11/2025 | C9: ATTIVAZIONE SIM MNP - MASSMARKET | D9: 8939108630011366941 | E9: 3891485258 | F9: SI | G9: 45994 | H9: 46004 | I9: NON NORMALIZZABILE | J9: RINNOVO EFFETTUATO | M9: DA ELIMINARE | N9: SCADUTA | O9: SCADUTA
A10: ALESSIO PALERMO | B10: 03/11/2025 | C10: ATTIVAZIONE SIM MNP - CONVERGENZA FISSO - MOBILE | D10: 8939108630011366271 | E10: 3331307672 | F10: NO | G10: 45994 | H10: 46004 | I10: MNP EFFETTUATA | J10: RINNOVO EFFETTUATO | M10: OK | N10: SCADUTA | O10: SCADUTA
A11: ALESSIO PALERMO | B11: 03/11/2025 | C11: ATTIVAZIONE SIM MNP - CONVERGENZA FISSO - MOBILE | D11: 8939108630011366164 | E11: 3318085305 | F11: NO | G11: 45994 | H11: 46004 | I11: MNP EFFETTUATA | J11: RINNOVO EFFETTUATO | M11: OK | N11: SCADUTA | O11: SCADUTA
A12: ALESSIO PALERMO | B12: 05/11/2025 | C12: ATTIVAZIONE SIM MNP - MASSMARKET | D12: 8939108630011367212 | E12: 3511481835 | F12: SI | G12: 45996 | H12: 46006 | I12: MNP EFFETTUATA | J12: RINNOVO EFFETTUATO | M12: OK | N12: SCADUTA | O12: SCADUTA
A13: EDOARDO GERMINARIO | B13: 05/11/2025 | C13: ATTIVAZIONE SIM MNP - MASSMARKET | D13: 8939108640011143596 | E13: 3355413632 | F13: NO | G13: 45996 | H13: 46006 | I13: MNP EFFETTUATA | J13: RINNOVO EFFETTUATO | M13: OK | N13: SCADUTA | O13: SCADUTA
A14: EDOARDO GERMINARIO | B14: 06/11/2025 | C14: ATTIVAZIONE SIM MNP - CONVERGENZA FISSO - MOBILE | D14: 8939108640011143224 | E14: 3496871791 | F14: NO | G14: 45997 | H14: 46007 | I14: MNP EFFETTUATA | J14: RINNOVO EFFETTUATO | M14: OK | N14: SCADUTA | O14: SCADUTA
A15: EDOARDO GERMINARIO | B15: 06/11/2025 | C15: ATTIVAZIONE SIM MNP - CONVERGENZA FISSO - MOBILE | D15: 8939108630011367220 | E15: 3492918729 | F15: NO | G15: 45997 | H15: 46007 | I15: MNP EFFETTUATA | J15: RINNOVO EFFETTUATO | M15: OK | N15: SCADUTA | O15: SCADUTA
A16: EDOARDO GERMINARIO | B16: 06/11/2025 | C16: ATTIVAZIONE SIM MNP - CONVERGENZA FISSO - MOBILE | D16: 8939108640011480162 | E16: 3396278211 | F16: NO | G16: 45997 | H16: 46007 | I16: MNP EFFETTUATA | J16: RINNOVO EFFETTUATO | M16: OK | N16: SCADUTA | O16: SCADUTA
A17: ALESSIO PALERMO | B17: 06/11/2025 | C17: ATTIVAZIONE SIM MNP - FASTWEB | D17: 8939080000125203673 | E17: 3751368759 | F17: NO | G17: 45997 | H17: 46007 | I17: NON NORMALIZZABILE | J17: NON NORMALIZZABILE | M17: DA ELIMINARE | N17: SCADUTA | O17: SCADUTA
A18: GABRIELE MALATESTA | B18: 07/11/2025 | C18: ATTIVAZIONE SIM MNP - MASSMARKET | D18: 8939108630011366529 | E18: 3204809211 | F18: NO | G18: 45998 | H18: 46008 | I18: MNP EFFETTUATA | J18: RINNOVO EFFETTUATO | M18: OK | N18: SCADUTA | O18: SCADUTA
A19: EDOARDO GERMINARIO | B19: 07/11/2025 | C19: ATTIVAZIONE SIM MNP - MASSMARKET | D19: 8939108640011480287 | E19: 3392503373 | F19: NO | G19: 45998 | H19: 46008 | I19: MNP EFFETTUATA | J19: RINNOVO EFFETTUATO | M19: OK | N19: SCADUTA | O19: SCADUTA
A20: GABRIELE MALATESTA | B20: 07/11/2025 | C20: ATTIVAZIONE SIM MNP - MASSMARKET | D20: 8939108640011143455 | E20: 3450200188 | F20: NO | G20: 45998 | H20: 46008 | I20: MNP OUT | J20: MNP OUT | M20: DA ELIMINARE | N20: SCADUTA | O20: SCADUTA
... A22: GABRIELE MALATESTA | B22: 09/11/2025 | C22: ATTIVAZIONE SIM MNP - MASSMARKET | D22: 8939108640011143026 | E22: 3348450940 | F22: NO | G22: 46000 | H22: 46010 | I22: MNP EFFETTUATA | J22: RINNOVO EFFETTUATO | M22: OK | N22: SCADUTA | O22: SCADUTA
A23: DAFNE MONACA | B23: 10/11/2025 | C23: ATTIVAZIONE SIM MNP - MASSMARKET | D23: 8939108630011367444 | E23: 339791058 | F23: NO | G23: 46001 | H23: 46011 | I23: MNP EFFETTUATA | N23: SCADUTA | O23: SCADUTA
A24: DAFNE MONACA | B24: 10/11/2025 | C24: ATTIVAZIONE SIM MNP - MASSMARKET | D24: 8939108630011366479 | E24: 33348857643 | F24: NO | G24: 46001 | H24: 46011 | I24: MNP EFFETTUATA | N24: SCADUTA | O24: SCADUTA
A25: DAFNE MONACA | B25: 10/11/2025 | C25: ATTIVAZIONE SIM MNP - MASSMARKET | D25: 8939108630011367451 | E25: 3200936069 | F25: NO | G25: 46001 | H25: 46011 | I25: MNP EFFETTUATA | N25: SCADUTA | O25: SCADUTA
A26: ALESSIO PALERMO | B26: 10/11/2025 | C26: ATTIVAZIONE SIM MNP - FASTWEB | D26: 8939080000125203723 | E26: 3478447190 | F26: NO | G26: 46001 | H26: 46011 | I26: MNP EFFETTUATA | N26: SCADUTA | O26: SCADUTA
A27: DAFNE MONACA | B27: 11/11/2025 | C27: ATTIVAZIONE SIM MNP - CONVERGENZA FISSO - MOBILE | D27: 8939108630011366487 | E27: 3288623275 | F27: NO | G27: 46002 | H27: 46012 | I27: MNP EFFETTUATA | N27: SCADUTA | O27: SCADUTA
A28: DAFNE MONACA | B28: 11/11/2025 | C28: ATTIVAZIONE SIM MNP - CONVERGENZA FISSO - MOBILE | D28: 8939108630011366545 | E28: 3493647991 | F28: NO | G28: 46002 | H28: 46012 | I28: MNP EFFETTUATA | N28: SCADUTA | O28: SCADUTA
A29: EDOARDO GERMINARIO | B29: 12/11/2025 | C29: ATTIVAZIONE SIM MNP - CONVERGENZA FISSO - MOBILE | D29: 8939108640011143513 | E29: 3713631840 | F29: NO | G29: 46003 | H29: 46013 | I29: MNP EFFETTUATA | N29: SCADUTA | O29: SCADUTA
A30: EDOARDO GERMINARIO | B30: 13/11/2025 | C30: ATTIVAZIONE SIM MNP - CONVERGENZA FISSO - MOBILE | D30: 8939108660014731635 | E30: 3287723107 | F30: NO | G30: 46004 | H30: 46014 | I30: MNP EFFETTUATA | N30: SCADUTA | O30: SCADUTA
A31: EDOARDO GERMINARIO | B31: 13/11/2025 | C31: ATTIVAZIONE SIM MNP - CONVERGENZA FISSO - MOBILE | D31: 8939108660014731809 | E31: 3517177791 | F31: NO | G31: 46004 | H31: 46014 | I31: MNP EFFETTUATA | N31: SCADUTA | O31: SCADUTA
A32: DAFNE MONACA | B32: 14/11/2025 | C32: ATTIVAZIONE SIM MNP - MASSMARKET | D32: 8939108640011143000 | E32: 3394728904 | F32: NO | G32: 46005 | H32: 46015 | I32: MNP EFFETTUATA | N32: SCADUTA | O32: SCADUTA
A33: EDOARDO GERMINARIO | B33: 14/11/2025 | C33: ATTIVAZIONE SIM MNP - MASSMARKET | D33: 8939108660014731791 | E33: 3282269007 | F33: SI | G33: 46005 | H33: 46015 | I33: MNP EFFETTUATA | N33: SCADUTA | O33: SCADUTA
A34: ALESSIO PALERMO | B34: 15/11/2025 | C34: ATTIVAZIONE SIM MNP - CONVERGENZA FISSO - MOBILE | D34: 8939108640011480543 | E34: 3331371046 | F34: SI | G34: 46006 | H34: 46016 | I34: MNP EFFETTUATA | N34: SCADUTA | O34: SCADUTA
... A40: ALESSIO PALERMO | B40: 17/11/2025 | C40: ATTIVAZIONE SIM MNP - CONVERGENZA FISSO - MOBILE | D40: 8939108660014732161 | E40: 3343380090 | F40: NO | G40: 46006 | H40: 46018 | I40: MNP EFFETTUATA | N40: SCADUTA | O40: SCADUTA
A41: ALESSIO PALERMO | B41: 18/11/2025 | C41: ATTIVAZIONE SIM MNP - MASSMARKET | D41: 8939108630011367188 | E41: 3497439742 | F41: SI | G41: 46006 | H41: 46019 | N41: SCADUTA | O41: SCADUTA
A42: DAFNE MONACA | B42: 19/11/2025 | C42: ATTIVAZIONE SIM MNP - MASSMARKET | D42: 8939108660014732120 | E42: 3472850964 | F42: SI | G42: 46006 | H42: 46020 | I42: MNP EFFETTUATA | N42: SCADUTA | O42: SCADUTA
A43: DAFNE MONACA | B43: 20/11/2025 | C43: ATTIVAZIONE SIM MNP - MASSMARKET | D43: 8939108650001877202 | E43: 3450214070 | F43: NO | G43: 46006 | H43: 46021 | I43: MNP OUT | M43: DA ELIMINARE | N43: SCADUTA | O43: SCADUTA
A44: DAFNE MONACA | B44: 20/11/2025 | C44: ATTIVAZIONE SIM MNP - MASSMARKET | D44: 8939108630011367170 | E44: 3335811500 | F44: NO | G44: 46006 | H44: 46021 | I44: MNP EFFETTUATA | N44: SCADUTA | O44: SCADUTA
A45: ALESSIO PALERMO | B45: 21/11/2025 | C45: ATTIVAZIONE SIM MNP - MASSMARKET | D45: 8939108630011367113 | E45: 3356599219 | F45: NO | G45: 46006 | H45: 46022 | I45: MNP EFFETTUATA | N45: SCADUTA | O45: SCADUTA
A46: ALESSIO PALERMO | B46: 21/11/2025 | C46: ATTIVAZIONE SIM MNP - MASSMARKET | D46: 8939108630011366495 | E46: 3401144321 | F46: NO | G46: 46006 | H46: 46022 | I46: MNP EFFETTUATA | N46: SCADUTA | O46: SCADUTA
A47: DAFNE MONACA | B47: 22/11/2025 | C47: ATTIVAZIONE SIM MNP - MASSMARKET | D47: 8939108660014731726 | E47: 3714622074 | F47: SI | G47: 46006 | H47: 46023 | I47: MNP EFFETTUATA | N47: SCADUTA | O47: SCADUTA
A48: DAFNE MONACA | B48: 22/11/2025 | C48: ATTIVAZIONE SIM MNP - MASSMARKET | D48: 8939108660014732427 | E48: 3311284754 | F48: NO | G48: 46006 | H48: 46023 | N48: SCADUTA | O48: SCADUTA
A49: DAFNE MONACA | B49: 22/11/2025 | C49: SIM SCONTATA - ATTIVAZIONE SIM MNP - CONV. FISSO - MOBILE | D49: 8939108630011366727 | E49: 3482399385 | F49: NO | G49: 46006 | H49: 46023 | N49: SCADUTA | O49: SCADUTA
A50: ALESSIO PALERMO | B50: 22/11/2025 | C50: ATTIVAZIONE SIM MNP - CONVERGENZA FISSO - MOBILE | D50: 8939108630011366685 | E50: 3920469653 | F50: NO | G50: 46006 | H50: 46023 | N50: SCADUTA | O50: SCADUTA
A51: ALESSIO PALERMO | B51: 22/11/2025 | C51: ATTIVAZIONE SIM MNP - CONVERGENZA FISSO - MOBILE | D51: 8939108630011366552 | E51: 3922669896 | F51: NO | G51: 46006 | H51: 46023 | N51: SCADUTA | O51: SCADUTA
A52: ALESSIO PALERMO | B52: 22/11/2025 | C52: ATTIVAZIONE SIM MNP - CONVERGENZA FISSO - MOBILE | D52: 8939108640011480121 | E52: 3276029128 | F52: SI | G52: 46006 | H52: 46023 | N52: SCADUTA | O52: SCADUTA
A53: DAFNE MONACA | B53: 22/11/2025 | C53: ATTIVAZIONE SIM MNP - CONVERGENZA FISSO - MOBILE | D53: 8939108660014731668 | E53: 3383316464 | F53: NO | G53: 46006 | H53: 46023 | N53: SCADUTA | O53: SCADUTA
A54: ALESSIO PALERMO | B54: 22/11/2025 | C54: ATTIVAZIONE SIM MNP - CONVERGENZA FISSO - MOBILE | D54: 8939108660014732203 | E54: 3332961084 | F54: NO | G54: 46006 | H54: 46023 | N54: SCADUTA | O54: SCADUTA
A55: ALESSIO PALERMO | B55: 22/11/2025 | C55: ATTIVAZIONE SIM MNP - CONVERGENZA FISSO - MOBILE | D55: 8939108660014731676 | E55: 3394310466 | F55: NO | G55: 46006 | H55: 46023 | N55: SCADUTA | O55: SCADUTA
A56: DAFNE MONACA | B56: 24/11/2025 | C56: ATTIVAZIONE SIM MNP - MASSMARKET | D56: 8939108660014731296 | E56: 3346501992 | F56: NO | G56: 46006 | H56: 46025 | J56: RINNOVO EFFETTUATO | N56: SCADUTA | O56: NON SCADUTA T1
A57: DAFNE MONACA | B57: 26/11/2025 | C57: ATTIVAZIONE SIM MNP - MASSMARKET | D57: 8939108660014731312 | E57: 3209744470 | F57: NO | G57: 46006 | H57: 46027 | J57: RINNOVO EFFETTUATO | N57: SCADUTA | O57: NON SCADUTA T1
A58: DAFNE MONACA | B58: 26/11/2025 | C58: ATTIVAZIONE SIM MNP - CONVERGENZA FISSO - MOBILE | D58: 8939108660014732518 | E58: 3489159550 | F58: NO | G58: 46006 | H58: 46027 | J58: RINNOVO EFFETTUATO | N58: SCADUTA | O58: NON SCADUTA T1
A59: EDOARDO GERMINARIO | B59: 26/11/2025 | C59: ATTIVAZIONE SIM MNP - CONVERGENZA FISSO - MOBILE | D59: 8939108660014732674 | E59: 3271266920 | F59: NO | G59: 46006 | H59: 46027 | J59: RINNOVO EFFETTUATO | N59: SCADUTA | O59: NON SCADUTA T1
A60: DAFNE MONACA | B60: 27/11/2025 | C60: ATTIVAZIONE SIM MNP - MASSMARKET | D60: 8939108660014732112 | E60: 3385329167 | F60: NO | G60: 46006 | H60: 46027 | J60: RINNOVO EFFETTUATO | N60: SCADUTA | O60: NON SCADUTA T1
A61: EDOARDO GERMINARIO | B61: 28/11/2025 | C61: ATTIVAZIONE SIM MNP - MASSMARKET | D61: 8939108650000902134 | E61: 3312506399 | F61: NO | G61: 46006 | H61: 46027 | J61: RINNOVO EFFETTUATO | N61: SCADUTA | O61: NON SCADUTA T1
A62: EDOARDO GERMINARIO | B62: 28/11/2025 | C62: SIM SCONTATA - ATTIVAZIONE SIM MNP - CONV. FISSO - MOBILE | D62: 8939108660014732146 | E62: 3316208929 | F62: NO | G62: 46006 | H62: 46027 | J62: RINNOVO EFFETTUATO | N62: SCADUTA | O62: NON SCADUTA T1
A63: EDOARDO GERMINARIO | B63: 28/11/2025 | C63: ATTIVAZIONE SIM MNP - CONVERGENZA FISSO - MOBILE | D63: 8939108660014731486 | E63: 3341236296 | F63: NO | G63: 46006 | H63: 46027 | J63: RINNOVO EFFETTUATO | N63: SCADUTA | O63: NON SCADUTA T1
A64: EDOARDO GERMINARIO | B64: 29/11/2025 | C64: SIM SCONTATA - ATTIVAZIONE SIM MNP - CONV. FISSO - MOBILE | D64: 8939108660014732666 | E64: 3394442440 | F64: NO | G64: 46006 | H64: 46027 | J64: RINNOVO EFFETTUATO | N64: SCADUTA | O64: NON SCADUTA T1
A65: DAFNE MONACA | B65: 29/11/2025 | C65: SIM SCONTATA - ATTIVAZIONE SIM MNP - CONV. FISSO - MOBILE | D65: 8939108660014731528 | E65: 3928630431 | F65: NO | G65: 46006 | H65: 46027 | J65: RINNOVO EFFETTUATO | N65: SCADUTA | O65: NON SCADUTA T1
A66: EDOARDO GERMINARIO | B66: 30/11/2025 | C66: SIM SCONTATA - ATTIVAZIONE SIM MNP - CONV. FISSO - MOBILE | D66: 8939108660014731494 | E66: 3476456737 | F66: NO | G66: 46006 | H66: 46027 | J66: RINNOVO EFFETTUATO | N66: SCADUTA | O66: NON SCADUTA T1

Sheet MainCalcoli
A1: =$I1&$J1&$A3 -> Ancona; MNP TOT 28 | I1: Ancona; | J1: MNP TOT
A2: MNP ToT | B2: MNP in Lavorazione | C2: MNP Da Esitare Non Scadute | D2: MNP Da Esitare ScaduteT0 | E2: MNP Da Esitare ScaduteT1 | F2: MNP OK | G2: MNP KO | H2: MNP Non Lavorate
A3: =IF(COUNTA('MNP Ancona'!$C$4:$C$100)>0,COUNTA('MNP Ancona'!$C$4:$C$100),#N/A) -> 28 | B3: {=SUMPRODUCT( ('MNP Ancona'!$I$4:$I$100='MNP Ancona'!$Q$6) * ((('MNP Ancona'!$J$4:$J$100="") + ('MNP Ancona'!$J$4:$J$100>0))>0) * ((('MNP Ancona'!$K$4:$K$100="") + ('MNP Ancona'!$K$4:$K$100>0))>0) * ('MNP Ancona'!$N$4:$N$100='MNP Ancona'!$Q$4) * ((('MNP Ancona'!$O$4:$O$100='MNP Ancona'!$T$4) + ('MNP Ancona'!$O$4:$O$100='MNP Ancona'!$P$6))>0) )} -> 0 | C3: {=SUMPRODUCT( ('MNP Ancona'!$C$4:$C$100<>"") * ('MNP Ancona'!$M$4:$M$100="") * ('MNP Ancona'!$N$4:$N$100='MNP Ancona'!$Q$4) * ((('MNP Ancona'!$O$4:$O$100='MNP Ancona'!$T$4) + ('MNP Ancona'!$O$4:$O$100='MNP Ancona'!$P$6))>0) )} -> 0 | D3: {=SUMPRODUCT( ('MNP Ancona'!$C$4:$C$100<>"") * ('MNP Ancona'!$M$4:$M$100="") * ('MNP Ancona'!$K$4:$K$100="") * ('MNP Ancona'!$N$4:$N$100='MNP Ancona'!$P$4) * ((('MNP Ancona'!$I$4:$I$100="") + ('MNP Ancona'!$I$4:$I$100='MNP Ancona'!$Q$6)) > 0) )} -> 0 | E3: {=SUMPRODUCT( ('MNP Ancona'!$C$4:$C$100<>"") * ('MNP Ancona'!$M$4:$M$100="") * ('MNP Ancona'!$K$4:$K$100="") * ('MNP Ancona'!$O$4:$O$100='MNP Ancona'!$P$4) * ((('MNP Ancona'!$J$4:$J$100="") + ('MNP Ancona'!$J$4:$J$100='MNP Ancona'!$Q$6)) > 0) )} -> 0 | F3: =SUM( COUNTIFS( 'MNP Ancona'!$I$4:$I$100, 'MNP Ancona'!$Q$5, 'MNP Ancona'!$J$4:$J$100, 'MNP Ancona'!$T$5, 'MNP Ancona'!$K$4:$K$100, "", 'MNP Ancona'!$N$4:$N$100, 'MNP Ancona'!$P$4, 'MNP Ancona'!$I$4:$I$100, "<>" & 'MNP Ancona'!$Q$7, 'MNP Ancona'!$J$4:$J$100, "<>" & 'MNP Ancona'!$Q$7 ) + COUNTIFS( 'MNP Ancona'!$I$4:$I$100, 'MNP Ancona'!$Q$5, 'MNP Ancona'!$J$4:$J$100, 'MNP Ancona'!$T$5, 'MNP Ancona'!$K$4:$K$100, 'MNP Ancona'!$V$5, 'MNP Ancona'!$N$4:$N$100, 'MNP Ancona'!$P$4, 'MNP Ancona'!$I$4:$I$100, "<>" & 'MNP Ancona'!$Q$7, 'MNP Ancona'!$J$4:$J$100, "<>" & 'MNP Ancona'!$Q$7 ) ) -> 25 | G3: =COUNTIFS( 'MNP Ancona'!$C$4:$C$100,"<>", 'MNP Ancona'!$M$4:$M$100,"DA ELIMINARE" ) -> 3 | H3: {=SUMPRODUCT( ('MNP Ancona'!$C$4:$C$100<>"") * (('MNP Ancona'!$I$4:$I$100="") + ('MNP Ancona'!$I$4:$I$100='MNP Ancona'!$Q$6)) * ('MNP Ancona'!$N$4:$N$100='MNP Ancona'!$P$4) * ('MNP Ancona'!$J$4:$J$100="") * ('MNP Ancona'!$O$4:$O$100='MNP Ancona'!$P$4) )} -> 0
A4: =$I4&$J4&$A6 -> Ancona; Family TOT 6 | I4: Ancona; | J4: Family TOT
A5: Family ToT | B5: Family in Lavorazione | C5: Family Da Esitare | D5: Family Da Esitare Scadute | F5: Family Ok | G5: Family Ko | H5: Family Non Lavorate
A6: =IF(COUNTA('FAMILY Ancona'!$C$4:$C$100)>0,COUNTA('FAMILY Ancona'!$C$4:$C$100),#N/A) -> 6 | B6: {=SUMPRODUCT( ('FAMILY Ancona'!$C$4:$C$100<>"")* ('FAMILY Ancona'!$G$4:$G$100='FAMILY Ancona'!$M$6)* ('FAMILY Ancona'!$K$4:$K$100='FAMILY Ancona'!$M$4))} -> 0 | C6: {=SUMPRODUCT( ('FAMILY Ancona'!$C$4:$C$100<>"")* ('FAMILY Ancona'!$G$4:$G$100="")* ('FAMILY Ancona'!$K$4:$K$100='FAMILY Ancona'!$M$4))} -> 0 | D6: {=SUMPRODUCT( ('FAMILY Ancona'!$C$4:$C$100<>"")* ('FAMILY Ancona'!$G$4:$G$100="")* ('FAMILY Ancona'!$K$4:$K$100='FAMILY Ancona'!$L$4))+ SUMPRODUCT( ('FAMILY Ancona'!$C$4:$C$100<>"")* ('FAMILY Ancona'!$G$4:$G$100='FAMILY Ancona'!$M$6)* ('FAMILY Ancona'!$K$4:$K$100='FAMILY Ancona'!$L$4))} -> 2 | F6: {=SUMPRODUCT( ('FAMILY Ancona'!$C$4:$C$100<>"")* ('FAMILY Ancona'!$G$4:$G$100<>"")* ('FAMILY Ancona'!$G$4:$G$100='FAMILY Ancona'!$M$5)* ('FAMILY Ancona'!$J$4:$J$100="OK"))} -> 4 | G6: {=SUMPRODUCT( ('FAMILY Ancona'!$C$4:$C$100<>"")* ('FAMILY Ancona'!$G$4:$G$100<>"")* ('FAMILY Ancona'!$J$4:$J$100="DA ELIMINARE"))} -> 2 | H6: {=SUMPRODUCT( ('FAMILY Ancona'!$C$4:$C$100<>"")* ('FAMILY Ancona'!$G$4:$G$100="")* ('FAMILY Ancona'!$K$4:$K$100='FAMILY Ancona'!$L$4))+ SUMPRODUCT( ('FAMILY Ancona'!$C$4:$C$100<>"")* ('FAMILY Ancona'!$G$4:$G$100='FAMILY Ancona'!$M$6)* ('FAMILY Ancona'!$K$4:$K$100='FAMILY Ancona'!$L$4))} -> 2
A7: =$I7&$J7&$A9 -> Campobasso; MNP TOT 30 | I7: Campobasso; | J7: MNP TOT
A8: MNP ToT | B8: MNP in Lavorazione | C8: MNP Da Esitare Non Scadute | D8: MNP Da Esitare ScaduteT0 | E8: MNP Da Esitare ScaduteT1 | F8: MNP OK | G8: MNP KO | H8: MNP Non Lavorate
A9: =IF(COUNTA('MNP Campobasso'!$C$4:$C$100)>0,COUNTA('MNP Campobasso'!$C$4:$C$100),#N/A) -> 30 | B9: {=SUMPRODUCT( ('MNP Campobasso'!$I$4:$I$100='MNP Campobasso'!$Q$6) * ((('MNP Campobasso'!$J$4:$J$100="") + ('MNP Campobasso'!$J$4:$J$100>0))>0) * ((('MNP Campobasso'!$K$4:$K$100="") + ('MNP Campobasso'!$K$4:$K$100>0))>0) * ('MNP Campobasso'!$N$4:$N$100='MNP Campobasso'!$Q$4) * ((('MNP Campobasso'!$O$4:$O$100='MNP Campobasso'!$T$4) + ('MNP Campobasso'!$O$4:$O$100='MNP Campobasso'!$P$6))>0) )} -> 0 | C9: {=SUMPRODUCT( ('MNP Campobasso'!$C$4:$C$100<>"") * ('MNP Campobasso'!$M$4:$M$100="") * ('MNP Campobasso'!$N$4:$N$100='MNP Campobasso'!$Q$4) * ((('MNP Campobasso'!$O$4:$O$100='MNP Campobasso'!$T$4) + ('MNP Campobasso'!$O$4:$O$100='MNP Campobasso'!$P$6))>0) )} -> 0 | D9: {=SUMPRODUCT( ('MNP Campobasso'!$C$4:$C$100<>"") * ('MNP Campobasso'!$M$4:$M$100="") * ('MNP Campobasso'!$K$4:$K$100="") * ('MNP Campobasso'!$N$4:$N$100='MNP Campobasso'!$P$4) * ((('MNP Campobasso'!$I$4:$I$100="") + ('MNP Campobasso'!$I$4:$I$100='MNP Campobasso'!$Q$6)) > 0) )} -> 0 | E9: {=SUMPRODUCT( ('MNP Campobasso'!$C$4:$C$100<>"") * ('MNP Campobasso'!$M$4:$M$100="") * ('MNP Campobasso'!$K$4:$K$100="") * ('MNP Campobasso'!$O$4:$O$100='MNP Campobasso'!$P$4) * ((('MNP Campobasso'!$J$4:$J$100="") + ('MNP Campobasso'!$J$4:$J$100='MNP Campobasso'!$Q$6)) > 0) )} -> 0 | F9: =SUM( COUNTIFS( 'MNP Campobasso'!$I$4:$I$100, 'MNP Campobasso'!$Q$5, 'MNP Campobasso'!$J$4:$J$100, 'MNP Campobasso'!$T$5, 'MNP Campobasso'!$K$4:$K$100, "", 'MNP Campobasso'!$N$4:$N$100, 'MNP Campobasso'!$P$4, 'MNP Campobasso'!$I$4:$I$100, "<>" & 'MNP Campobasso'!$Q$7, 'MNP Campobasso'!$J$4:$J$100, "<>" & 'MNP Campobasso'!$Q$7 ) + COUNTIFS( 'MNP Campobasso'!$I$4:$I$100, 'MNP Campobasso'!$Q$5, 'MNP Campobasso'!$J$4:$J$100, 'MNP Campobasso'!$T$5, 'MNP Campobasso'!$K$4:$K$100, 'MNP Campobasso'!$V$5, 'MNP Campobasso'!$N$4:$N$100, 'MNP Campobasso'!$P$4, 'MNP Campobasso'!$I$4:$I$100, "<>" & 'MNP Campobasso'!$Q$7, 'MNP Campobasso'!$J$4:$J$100, "<>" & 'MNP Campobasso'!$Q$7 ) ) -> 30 | G9: =COUNTIFS( 'MNP Campobasso'!$C$4:$C$100,"<>", 'MNP Campobasso'!$M$4:$M$100,"DA ELIMINARE" ) -> 0 | H9: {=SUMPRODUCT( ('MNP Campobasso'!$C$4:$C$100<>"") * (('MNP Campobasso'!$I$4:$I$100="") + ('MNP Campobasso'!$I$4:$I$100='MNP Campobasso'!$Q$6)) * ('MNP Campobasso'!$N$4:$N$100='MNP Campobasso'!$P$4) * ('MNP Campobasso'!$J$4:$J$100="") * ('MNP Campobasso'!$O$4:$O$100='MNP Campobasso'!$P$4) )} -> 0
A10: =$I10&$J10&$A12 -> Campobasso; Family TOT 6 | I10: Campobasso; | J10: Family TOT
A11: Family ToT | B11: Family in Lavorazione | C11: Family Da Esitare | D11: Family Da Esitare Scadute | F11: Family Ok | G11: Family Ko | H11: Family Non Lavorate
A12: =IF(COUNTA('FAMILY Campobasso'!$C$4:$C$100)>0,COUNTA('FAMILY Campobasso'!$C$4:$C$100),#N/A) -> 6 | B12: {=SUMPRODUCT( ('FAMILY Campobasso'!$C$4:$C$100<>"")* ('FAMILY Campobasso'!$G$4:$G$100='FAMILY Campobasso'!$M$6)* ('FAMILY Campobasso'!$K$4:$K$100='FAMILY Campobasso'!$M$4))} -> 0 | C12: {=SUMPRODUCT( ('FAMILY Campobasso'!$C$4:$C$100<>"")* ('FAMILY Campobasso'!$G$4:$G$100="")* ('FAMILY Campobasso'!$K$4:$K$100='FAMILY Campobasso'!$M$4))} -> 0 | D12: {=SUMPRODUCT( ('FAMILY Campobasso'!$C$4:$C$100<>"")* ('FAMILY Campobasso'!$G$4:$G$100="")* ('FAMILY Campobasso'!$K$4:$K$100='FAMILY Campobasso'!$L$4))+ SUMPRODUCT( ('FAMILY Campobasso'!$C$4:$C$100<>"")* ('FAMILY Campobasso'!$G$4:$G$100='FAMILY Campobasso'!$M$6)* ('FAMILY Campobasso'!$K$4:$K$100='FAMILY Campobasso'!$L$4))} -> 0 | F12: {=SUMPRODUCT( ('FAMILY Campobasso'!$C$4:$C$100<>"")* ('FAMILY Campobasso'!$G$4:$G$100<>"")* ('FAMILY Campobasso'!$G$4:$G$100='FAMILY Campobasso'!$M$5)* ('FAMILY Campobasso'!$J$4:$J$100="OK"))} -> 6 | G12: {=SUMPRODUCT( ('FAMILY Campobasso'!$C$4:$C$100<>"")* ('FAMILY Campobasso'!$G$4:$G$100<>"")* ('FAMILY Campobasso'!$J$4:$J$100="DA ELIMINARE"))} -> 0 | H12: {=SUMPRODUCT( ('FAMILY Campobasso'!$C$4:$C$100<>"")* ('FAMILY Campobasso'!$G$4:$G$100="")* ('FAMILY Campobasso'!$K$4:$K$100='FAMILY Campobasso'!$L$4))+ SUMPRODUCT( ('FAMILY Campobasso'!$C$4:$C$100<>"")* ('FAMILY Campobasso'!$G$4:$G$100='FAMILY Campobasso'!$M$6)* ('FAMILY Campobasso'!$K$4:$K$100='FAMILY Campobasso'!$L$4))} -> 0
A13: =$I13&$J13&$A15 -> SGT; MNP TOT 43 | I13: SGT; | J13: MNP TOT
A14: MNP ToT | B14: MNP in Lavorazione | C14: MNP Da Esitare Non Scadute | D14: MNP Da Esitare ScaduteT0 | E14: MNP Da Esitare ScaduteT1 | F14: MNP OK | G14: MNP KO | H14: MNP Non Lavorate
A15: =IF(COUNTA('MNP Centro Dabruzzo'!$C$4:$C$100)>0,COUNTA('MNP Centro Dabruzzo'!$C$4:$C$100),#N/A) -> 43 | B15: {=SUMPRODUCT( ('MNP Centro Dabruzzo'!$I$4:$I$100='MNP Centro Dabruzzo'!$Q$6) * ((('MNP Centro Dabruzzo'!$J$4:$J$100="") + ('MNP Centro Dabruzzo'!$J$4:$J$100>0))>0) * ((('MNP Centro Dabruzzo'!$K$4:$K$100="") + ('MNP Centro Dabruzzo'!$K$4:$K$100>0))>0) * ('MNP Centro Dabruzzo'!$N$4:$N$100='MNP Centro Dabruzzo'!$Q$4) * ((('MNP Centro Dabruzzo'!$O$4:$O$100='MNP Centro Dabruzzo'!$T$4) + ('MNP Centro Dabruzzo'!$O$4:$O$100='MNP Centro Dabruzzo'!$P$6))>0) )} -> 0 | C15: {=SUMPRODUCT( ('MNP Centro Dabruzzo'!$C$4:$C$100<>"") * ('MNP Centro Dabruzzo'!$M$4:$M$100="") * ('MNP Centro Dabruzzo'!$N$4:$N$100='MNP Centro Dabruzzo'!$Q$4) * ((('MNP Centro Dabruzzo'!$O$4:$O$100='MNP Centro Dabruzzo'!$T$4) + ('MNP Centro Dabruzzo'!$O$4:$O$100='MNP Centro Dabruzzo'!$P$6))>0) )} -> 0 | D15: {=SUMPRODUCT( ('MNP Centro Dabruzzo'!$C$4:$C$100<>"") * ('MNP Centro Dabruzzo'!$M$4:$M$100="") * ('MNP Centro Dabruzzo'!$K$4:$K$100="") * ('MNP Centro Dabruzzo'!$N$4:$N$100='MNP Centro Dabruzzo'!$P$4) * ((('MNP Centro Dabruzzo'!$I$4:$I$100="") + ('MNP Centro Dabruzzo'!$I$4:$I$100='MNP Centro Dabruzzo'!$Q$6)) > 0) )} -> 30 | E15: {=SUMPRODUCT( ('MNP Centro Dabruzzo'!$C$4:$C$100<>"") * ('MNP Centro Dabruzzo'!$M$4:$M$100="") * ('MNP Centro Dabruzzo'!$K$4:$K$100="") * ('MNP Centro Dabruzzo'!$O$4:$O$100='MNP Centro Dabruzzo'!$P$4) * ((('MNP Centro Dabruzzo'!$J$4:$J$100="") + ('MNP Centro Dabruzzo'!$J$4:$J$100='MNP Centro Dabruzzo'!$Q$6)) > 0) )} -> 40 | F15: =SUM( COUNTIFS( 'MNP Centro Dabruzzo'!$I$4:$I$100, 'MNP Centro Dabruzzo'!$Q$5, 'MNP Centro Dabruzzo'!$J$4:$J$100, 'MNP Centro Dabruzzo'!$T$5, 'MNP Centro Dabruzzo'!$K$4:$K$100, "", 'MNP Centro Dabruzzo'!$N$4:$N$100, 'MNP Centro Dabruzzo'!$P$4, 'MNP Centro Dabruzzo'!$I$4:$I$100, "<>" & 'MNP Centro Dabruzzo'!$Q$7, 'MNP Centro Dabruzzo'!$J$4:$J$100, "<>" & 'MNP Centro Dabruzzo'!$Q$7 ) + COUNTIFS( 'MNP Centro Dabruzzo'!$I$4:$I$100, 'MNP Centro Dabruzzo'!$Q$5, 'MNP Centro Dabruzzo'!$J$4:$J$100, 'MNP Centro Dabruzzo'!$T$5, 'MNP Centro Dabruzzo'!$K$4:$K$100, 'MNP Centro Dabruzzo'!$V$5, 'MNP Centro Dabruzzo'!$N$4:$N$100, 'MNP Centro Dabruzzo'!$P$4, 'MNP Centro Dabruzzo'!$I$4:$I$100, "<>" & 'MNP Centro Dabruzzo'!$Q$7, 'MNP Centro Dabruzzo'!$J$4:$J$100, "<>" & 'MNP Centro Dabruzzo'!$Q$7 ) ) -> 3 | G15: =COUNTIFS( 'MNP Centro Dabruzzo'!$C$4:$C$100,"<>", 'MNP Centro Dabruzzo'!$M$4:$M$100,"DA ELIMINARE" ) -> 0 | H15: {=SUMPRODUCT( ('MNP Centro Dabruzzo'!$C$4:$C$100<>"") * (('MNP Centro Dabruzzo'!$I$4:$I$100="") + ('MNP Centro Dabruzzo'!$I$4:$I$100='MNP Centro Dabruzzo'!$Q$6)) * ('MNP Centro Dabruzzo'!$N$4:$N$100='MNP Centro Dabruzzo'!$P$4) * ('MNP Centro Dabruzzo'!$J$4:$J$100="") * ('MNP Centro Dabruzzo'!$O$4:$O$100='MNP Centro Dabruzzo'!$P$4) )} -> 30
A16: =$I16&$J16&$A18 -> SGT; Family TOT 19 | I16: SGT; | J16: Family TOT
A17: Family ToT | B17: Family in Lavorazione | C17: Family Da Esitare | D17: Family Da Esitare Scadute | F17: Family Ok | G17: Family Ko | H17: Family Non Lavorate
A18: =IF(COUNTA('FAMILY Centro Dabruzzo'!$C$4:$C$100)>0,COUNTA('FAMILY Centro Dabruzzo'!$C$4:$C$100),#N/A) -> 19 | B18: {=SUMPRODUCT( ('FAMILY Centro Dabruzzo'!$C$4:$C$100<>"")* ('FAMILY Centro Dabruzzo'!$G$4:$G$100='FAMILY Centro Dabruzzo'!$M$6)* ('FAMILY Centro Dabruzzo'!$K$4:$K$100='FAMILY Centro Dabruzzo'!$M$4))} -> 0 | C18: {=SUMPRODUCT( ('FAMILY Centro Dabruzzo'!$C$4:$C$100<>"")* ('FAMILY Centro Dabruzzo'!$G$4:$G$100="")* ('FAMILY Centro Dabruzzo'!$K$4:$K$100='FAMILY Centro Dabruzzo'!$M$4))} -> 0 | D18: {=SUMPRODUCT( ('FAMILY Centro Dabruzzo'!$C$4:$C$100<>"")* ('FAMILY Centro Dabruzzo'!$G$4:$G$100="")* ('FAMILY Centro Dabruzzo'!$K$4:$K$100='FAMILY Centro Dabruzzo'!$L$4))+ SUMPRODUCT( ('FAMILY Centro Dabruzzo'!$C$4:$C$100<>"")* ('FAMILY Centro Dabruzzo'!$G$4:$G$100='FAMILY Centro Dabruzzo'!$M$6)* ('FAMILY Centro Dabruzzo'!$K$4:$K$100='FAMILY Centro Dabruzzo'!$L$4))} -> 16 | F18: {=SUMPRODUCT( ('FAMILY Centro Dabruzzo'!$C$4:$C$100<>"")* ('FAMILY Centro Dabruzzo'!$G$4:$G$100<>"")* ('FAMILY Centro Dabruzzo'!$G$4:$G$100='FAMILY Centro Dabruzzo'!$M$5)* ('FAMILY Centro Dabruzzo'!$J$4:$J$100="OK"))} -> 3 | G18: {=SUMPRODUCT( ('FAMILY Centro Dabruzzo'!$C$4:$C$100<>"")* ('FAMILY Centro Dabruzzo'!$G$4:$G$100<>"")* ('FAMILY Centro Dabruzzo'!$J$4:$J$100="DA ELIMINARE"))} -> 0 | H18: {=SUMPRODUCT( ('FAMILY Centro Dabruzzo'!$C$4:$C$100<>"")* ('FAMILY Centro Dabruzzo'!$G$4:$G$100="")* ('FAMILY Centro Dabruzzo'!$K$4:$K$100='FAMILY Centro Dabruzzo'!$L$4))+ SUMPRODUCT( ('FAMILY Centro Dabruzzo'!$C$4:$C$100<>"")* ('FAMILY Centro Dabruzzo'!$G$4:$G$100='FAMILY Centro Dabruzzo'!$M$6)* ('FAMILY Centro Dabruzzo'!$K$4:$K$100='FAMILY Centro Dabruzzo'!$L$4))} -> 16
A19: =$I19&"; "&$J19&$A21 -> Colonnella; MNP TOT 41 | I19: Colonnella | J19: MNP TOT
A20: MNP ToT | B20: MNP in Lavorazione | C20: MNP Da Esitare Non Scadute | D20: MNP Da Esitare ScaduteT0 | E20: MNP Da Esitare ScaduteT1 | F20: MNP OK | G20: MNP KO | H20: MNP Non Lavorate
A21: =IF(COUNTA('MNP Colonnella'!$C$4:$C$100)>0,COUNTA('MNP Colonnella'!$C$4:$C$100),#N/A) -> 41 | B21: {=SUMPRODUCT( ('MNP Colonnella'!$I$4:$I$100='MNP Colonnella'!$Q$6) * ((('MNP Colonnella'!$J$4:$J$100="") + ('MNP Colonnella'!$J$4:$J$100>0))>0) * ((('MNP Colonnella'!$K$4:$K$100="") + ('MNP Colonnella'!$K$4:$K$100>0))>0) * ('MNP Colonnella'!$N$4:$N$100='MNP Colonnella'!$Q$4) * ((('MNP Colonnella'!$O$4:$O$100='MNP Colonnella'!$T$4) + ('MNP Colonnella'!$O$4:$O$100='MNP Colonnella'!$P$6))>0) )} -> 0 | C21: {=SUMPRODUCT( ('MNP Colonnella'!$C$4:$C$100<>"") * ('MNP Colonnella'!$M$4:$M$100="") * ('MNP Colonnella'!$N$4:$N$100='MNP Colonnella'!$Q$4) * ((('MNP Colonnella'!$O$4:$O$100='MNP Colonnella'!$T$4) + ('MNP Colonnella'!$O$4:$O$100='MNP Colonnella'!$P$6))>0) )} -> 0 | D21: {=SUMPRODUCT( ('MNP Colonnella'!$C$4:$C$100<>"") * ('MNP Colonnella'!$M$4:$M$100="") * ('MNP Colonnella'!$K$4:$K$100="") * ('MNP Colonnella'!$N$4:$N$100='MNP Colonnella'!$P$4) * ((('MNP Colonnella'!$I$4:$I$100="") + ('MNP Colonnella'!$I$4:$I$100='MNP Colonnella'!$Q$6)) > 0) )} -> 41 | E21: {=SUMPRODUCT( ('MNP Colonnella'!$C$4:$C$100<>"") * ('MNP Colonnella'!$M$4:$M$100="") * ('MNP Colonnella'!$K$4:$K$100="") * ('MNP Colonnella'!$O$4:$O$100='MNP Colonnella'!$P$4) * ((('MNP Colonnella'!$J$4:$J$100="") + ('MNP Colonnella'!$J$4:$J$100='MNP Colonnella'!$Q$6)) > 0) )} -> 41 | F21: =SUM( COUNTIFS( 'MNP Colonnella'!$I$4:$I$100, 'MNP Colonnella'!$Q$5, 'MNP Colonnella'!$J$4:$J$100, 'MNP Colonnella'!$T$5, 'MNP Colonnella'!$K$4:$K$100, "", 'MNP Colonnella'!$N$4:$N$100, 'MNP Colonnella'!$P$4, 'MNP Colonnella'!$I$4:$I$100, "<>" & 'MNP Colonnella'!$Q$7, 'MNP Colonnella'!$J$4:$J$100, "<>" & 'MNP Colonnella'!$Q$7 ) + COUNTIFS( 'MNP Colonnella'!$I$4:$I$100, 'MNP Colonnella'!$Q$5, 'MNP Colonnella'!$J$4:$J$100, 'MNP Colonnella'!$T$5, 'MNP Colonnella'!$K$4:$K$100, 'MNP Colonnella'!$V$5, 'MNP Colonnella'!$N$4:$N$100, 'MNP Colonnella'!$P$4, 'MNP Colonnella'!$I$4:$I$100, "<>" & 'MNP Colonnella'!$Q$7, 'MNP Colonnella'!$J$4:$J$100, "<>" & 'MNP Colonnella'!$Q$7 ) ) -> 0 | G21: =COUNTIFS( 'MNP Colonnella'!$C$4:$C$100,"<>", 'MNP Colonnella'!$M$4:$M$100,"DA ELIMINARE" ) -> 0 | H21: {=SUMPRODUCT( ('MNP Colonnella'!$C$4:$C$100<>"") * (('MNP Colonnella'!$I$4:$I$100="") + ('MNP Colonnella'!$I$4:$I$100='MNP Colonnella'!$Q$6)) * ('MNP Colonnella'!$N$4:$N$100='MNP Colonnella'!$P$4) * ('MNP Colonnella'!$J$4:$J$100="") * ('MNP Colonnella'!$O$4:$O$100='MNP Colonnella'!$P$4) )} -> 41
A22: =$I22&"; "&$J22&$A24 -> Colonnella; Family TOT 16 | I22: Colonnella | J22: Family TOT
A23: Family ToT | B23: Family in Lavorazione | C23: Family Da Esitare | D23: Family Da Esitare Scadute | F23: Family Ok | G23: Family Ko | H23: Family Non Lavorate
A24: =IF(COUNTA('FAMILY Colonnella'!$C$4:$C$100)>0,COUNTA('FAMILY Colonnella'!$C$4:$C$100),#N/A) -> 16 | B24: {=SUMPRODUCT( ('FAMILY Colonnella'!$C$4:$C$100<>"")* ('FAMILY Colonnella'!$G$4:$G$100='FAMILY Colonnella'!$M$6)* ('FAMILY Colonnella'!$K$4:$K$100='FAMILY Colonnella'!$M$4))} -> 0 | C24: {=SUMPRODUCT( ('FAMILY Colonnella'!$C$4:$C$100<>"")* ('FAMILY Colonnella'!$G$4:$G$100="")* ('FAMILY Colonnella'!$K$4:$K$100='FAMILY Colonnella'!$M$4))} -> 0 | D24: {=SUMPRODUCT( ('FAMILY Colonnella'!$C$4:$C$100<>"")* ('FAMILY Colonnella'!$G$4:$G$100="")* ('FAMILY Colonnella'!$K$4:$K$100='FAMILY Colonnella'!$L$4))+ SUMPRODUCT( ('FAMILY Colonnella'!$C$4:$C$100<>"")* ('FAMILY Colonnella'!$G$4:$G$100='FAMILY Colonnella'!$M$6)* ('FAMILY Colonnella'!$K$4:$K$100='FAMILY Colonnella'!$L$4))} -> 16 | F24: {=SUMPRODUCT( ('FAMILY Colonnella'!$C$4:$C$100<>"")* ('FAMILY Colonnella'!$G$4:$G$100<>"")* ('FAMILY Colonnella'!$G$4:$G$100='FAMILY Colonnella'!$M$5)* ('FAMILY Colonnella'!$J$4:$J$100="OK"))} -> 0 | G24: {=SUMPRODUCT( ('FAMILY Colonnella'!$C$4:$C$100<>"")* ('FAMILY Colonnella'!$G$4:$G$100<>"")* ('FAMILY Colonnella'!$J$4:$J$100="DA ELIMINARE"))} -> 0 | H24: {=SUMPRODUCT( ('FAMILY Colonnella'!$C$4:$C$100<>"")* ('FAMILY Colonnella'!$G$4:$G$100="")* ('FAMILY Colonnella'!$K$4:$K$100='FAMILY Colonnella'!$L$4))+ SUMPRODUCT( ('FAMILY Colonnella'!$C$4:$C$100<>"")* ('FAMILY Colonnella'!$G$4:$G$100='FAMILY Colonnella'!$M$6)* ('FAMILY Colonnella'!$K$4:$K$100='FAMILY Colonnella'!$L$4))} -> 16
A25: =$I25&"; "&$J25&$A27 -> Conero; MNP TOT 63 | I25: Conero | J25: MNP TOT
A26: MNP ToT | B26: MNP in Lavorazione | C26: MNP Da Esitare Non Scadute | D26: MNP Da Esitare ScaduteT0 | E26: MNP Da Esitare ScaduteT1 | F26: MNP OK | G26: MNP KO | H26: MNP Non Lavorate
A27: =IF(COUNTA('MNP Conero'!$C$4:$C$100)>0,COUNTA('MNP Conero'!$C$4:$C$100),#N/A) -> 63 | B27: {=SUMPRODUCT( ('MNP Conero'!$I$4:$I$100='MNP Conero'!$Q$6) * ((('MNP Conero'!$J$4:$J$100="") + ('MNP Conero'!$J$4:$J$100>0))>0) * ((('MNP Conero'!$K$4:$K$100="") + ('MNP Conero'!$K$4:$K$100>0))>0) * ('MNP Conero'!$N$4:$N$100='MNP Conero'!$Q$4) * ((('MNP Conero'!$O$4:$O$100='MNP Conero'!$T$4) + ('MNP Conero'!$O$4:$O$100='MNP Conero'!$P$6))>0) )} -> 0 | C27: {=SUMPRODUCT( ('MNP Conero'!$C$4:$C$100<>"") * ('MNP Conero'!$M$4:$M$100="") * ('MNP Conero'!$N$4:$N$100='MNP Conero'!$Q$4) * ((('MNP Conero'!$O$4:$O$100='MNP Conero'!$T$4) + ('MNP Conero'!$O$4:$O$100='MNP Conero'!$P$6))>0) )} -> 0 | D27: {=SUMPRODUCT( ('MNP Conero'!$C$4:$C$100<>"") * ('MNP Conero'!$M$4:$M$100="") * ('MNP Conero'!$K$4:$K$100="") * ('MNP Conero'!$N$4:$N$100='MNP Conero'!$P$4) * ((('MNP Conero'!$I$4:$I$100="") + ('MNP Conero'!$I$4:$I$100='MNP Conero'!$Q$6)) > 0) )} -> 20 | E27: {=SUMPRODUCT( ('MNP Conero'!$C$4:$C$100<>"") * ('MNP Conero'!$M$4:$M$100="") * ('MNP Conero'!$K$4:$K$100="") * ('MNP Conero'!$O$4:$O$100='MNP Conero'!$P$4) * ((('MNP Conero'!$J$4:$J$100="") + ('MNP Conero'!$J$4:$J$100='MNP Conero'!$Q$6)) > 0) )} -> 32 | F27: =SUM( COUNTIFS( 'MNP Conero'!$I$4:$I$100, 'MNP Conero'!$Q$5, 'MNP Conero'!$J$4:$J$100, 'MNP Conero'!$T$5, 'MNP Conero'!$K$4:$K$100, "", 'MNP Conero'!$N$4:$N$100, 'MNP Conero'!$P$4, 'MNP Conero'!$I$4:$I$100, "<>" & 'MNP Conero'!$Q$7, 'MNP Conero'!$J$4:$J$100, "<>" & 'MNP Conero'!$Q$7 ) + COUNTIFS( 'MNP Conero'!$I$4:$I$100, 'MNP Conero'!$Q$5, 'MNP Conero'!$J$4:$J$100, 'MNP Conero'!$T$5, 'MNP Conero'!$K$4:$K$100, 'MNP Conero'!$V$5, 'MNP Conero'!$N$4:$N$100, 'MNP Conero'!$P$4, 'MNP Conero'!$I$4:$I$100, "<>" & 'MNP Conero'!$Q$7, 'MNP Conero'!$J$4:$J$100, "<>" & 'MNP Conero'!$Q$7 ) ) -> 16 | G27: =COUNTIFS( 'MNP Conero'!$C$4:$C$100,"<>", 'MNP Conero'!$M$4:$M$100,"DA ELIMINARE" ) -> 4 | H27: {=SUMPRODUCT( ('MNP Conero'!$C$4:$C$100<>"") * (('MNP Conero'!$I$4:$I$100="") + ('MNP Conero'!$I$4:$I$100='MNP Conero'!$Q$6)) * ('MNP Conero'!$N$4:$N$100='MNP Conero'!$P$4) * ('MNP Conero'!$J$4:$J$100="") * ('MNP Conero'!$O$4:$O$100='MNP Conero'!$P$4) )} -> 9
A28: =$I28&"; "&$J28&$A30 -> Conero; Family TOT 31 | I28: Conero | J28: Family TOT
A29: Family ToT | B29: Family in Lavorazione | C29: Family Da Esitare | D29: Family Da Esitare Scadute | F29: Family Ok | G29: Family Ko | H29: Family Non Lavorate
A30: =IF(COUNTA('FAMILY Conero'!$C$4:$C$100)>0,COUNTA('FAMILY Conero'!$C$4:$C$100),#N/A) -> 31 | B30: {=SUMPRODUCT( ('FAMILY Conero'!$C$4:$C$100<>"")* ('FAMILY Conero'!$G$4:$G$100='FAMILY Conero'!$M$6)* ('FAMILY Conero'!$K$4:$K$100='FAMILY Conero'!$M$4))} -> 0 | C30: {=SUMPRODUCT( ('FAMILY Conero'!$C$4:$C$100<>"")* ('FAMILY Conero'!$G$4:$G$100="")* ('FAMILY Conero'!$K$4:$K$100='FAMILY Conero'!$M$4))} -> 0 | D30: {=SUMPRODUCT( ('FAMILY Conero'!$C$4:$C$100<>"")* ('FAMILY Conero'!$G$4:$G$100="")* ('FAMILY Conero'!$K$4:$K$100='FAMILY Conero'!$L$4))+ SUMPRODUCT( ('FAMILY Conero'!$C$4:$C$100<>"")* ('FAMILY Conero'!$G$4:$G$100='FAMILY Conero'!$M$6)* ('FAMILY Conero'!$K$4:$K$100='FAMILY Conero'!$L$4))} -> 2 | F30: {=SUMPRODUCT( ('FAMILY Conero'!$C$4:$C$100<>"")* ('FAMILY Conero'!$G$4:$G$100<>"")* ('FAMILY Conero'!$G$4:$G$100='FAMILY Conero'!$M$5)* ('FAMILY Conero'!$J$4:$J$100="OK"))} -> 28 | G30: {=SUMPRODUCT( ('FAMILY Conero'!$C$4:$C$100<>"")* ('FAMILY Conero'!$G$4:$G$100<>"")* ('FAMILY Conero'!$J$4:$J$100="DA ELIMINARE"))} -> 1 | H30: {=SUMPRODUCT( ('FAMILY Conero'!$C$4:$C$100<>"")* ('FAMILY Conero'!$G$4:$G$100="")* ('FAMILY Conero'!$K$4:$K$100='FAMILY Conero'!$L$4))+ SUMPRODUCT( ('FAMILY Conero'!$C$4:$C$100<>"")* ('FAMILY Conero'!$G$4:$G$100='FAMILY Conero'!$M$6)* ('FAMILY Conero'!$K$4:$K$100='FAMILY Conero'!$L$4))} -> 2
A31: =$I31&"; "&$J31&$A33 -> CV; MNP TOT 24 | I31: CV | J31: MNP TOT
A32: MNP ToT | B32: MNP in Lavorazione | C32: MNP Da Esitare Non Scadute | D32: MNP Da Esitare ScaduteT0 | E32: MNP Da Esitare ScaduteT1 | F32: MNP OK | G32: MNP KO | H32: MNP Non Lavorate
A33: =IF(COUNTA('MNP CV'!$C$4:$C$100)>0,COUNTA('MNP CV'!$C$4:$C$100),#N/A) -> 24 | B33: {=SUMPRODUCT( ('MNP CV'!$I$4:$I$100='MNP CV'!$Q$6) * ((('MNP CV'!$J$4:$J$100="") + ('MNP CV'!$J$4:$J$100>0))>0) * ((('MNP CV'!$K$4:$K$100="") + ('MNP CV'!$K$4:$K$100>0))>0) * ('MNP CV'!$N$4:$N$100='MNP CV'!$Q$4) * ((('MNP CV'!$O$4:$O$100='MNP CV'!$T$4) + ('MNP CV'!$O$4:$O$100='MNP CV'!$P$6))>0) )} -> 0 | C33: {=SUMPRODUCT( ('MNP CV'!$C$4:$C$100<>"") * ('MNP CV'!$M$4:$M$100="") * ('MNP CV'!$N$4:$N$100='MNP CV'!$Q$4) * ((('MNP CV'!$O$4:$O$100='MNP CV'!$T$4) + ('MNP CV'!$O$4:$O$100='MNP CV'!$P$6))>0) )} -> 0 | D33: {=SUMPRODUCT( ('MNP CV'!$C$4:$C$100<>"") * ('MNP CV'!$M$4:$M$100="") * ('MNP CV'!$K$4:$K$100="") * ('MNP CV'!$N$4:$N$100='MNP CV'!$P$4) * ((('MNP CV'!$I$4:$I$100="") + ('MNP CV'!$I$4:$I$100='MNP CV'!$Q$6)) > 0) )} -> 1 | E33: {=SUMPRODUCT( ('MNP CV'!$C$4:$C$100<>"") * ('MNP CV'!$M$4:$M$100="") * ('MNP CV'!$K$4:$K$100="") * ('MNP CV'!$O$4:$O$100='MNP CV'!$P$4) * ((('MNP CV'!$J$4:$J$100="") + ('MNP CV'!$J$4:$J$100='MNP CV'!$Q$6)) > 0) )} -> 0 | F33: =SUM( COUNTIFS( 'MNP CV'!$I$4:$I$100, 'MNP CV'!$Q$5, 'MNP CV'!$J$4:$J$100, 'MNP CV'!$T$5, 'MNP CV'!$K$4:$K$100, "", 'MNP CV'!$N$4:$N$100, 'MNP CV'!$P$4, 'MNP CV'!$I$4:$I$100, "<>" & 'MNP CV'!$Q$7, 'MNP CV'!$J$4:$J$100, "<>" & 'MNP CV'!$Q$7 ) + COUNTIFS( 'MNP CV'!$I$4:$I$100, 'MNP CV'!$Q$5, 'MNP CV'!$J$4:$J$100, 'MNP CV'!$T$5, 'MNP CV'!$K$4:$K$100, 'MNP CV'!$V$5, 'MNP CV'!$N$4:$N$100, 'MNP CV'!$P$4, 'MNP CV'!$I$4:$I$100, "<>" & 'MNP CV'!$Q$7, 'MNP CV'!$J$4:$J$100, "<>" & 'MNP CV'!$Q$7 ) ) -> 22 | G33: =COUNTIFS( 'MNP CV'!$C$4:$C$100,"<>", 'MNP CV'!$M$4:$M$100,"DA ELIMINARE" ) -> 1 | H33: {=SUMPRODUCT( ('MNP CV'!$C$4:$C$100<>"") * (('MNP CV'!$I$4:$I$100="") + ('MNP CV'!$I$4:$I$100='MNP CV'!$Q$6)) * ('MNP CV'!$N$4:$N$100='MNP CV'!$P$4) * ('MNP CV'!$J$4:$J$100="") * ('MNP CV'!$O$4:$O$100='MNP CV'!$P$4) )} -> 0
A34: =$I34&"; "&$J34&$A36 -> CV; Family TOT 6 | I34: CV | J34: Family TOT
A35: Family ToT | B35: Family in Lavorazione | C35: Family Da Esitare | D35: Family Da Esitare Scadute | F35: Family Ok | G35: Family Ko | H35: Family Non Lavorate
A36: =IF(COUNTA('FAMILY CV'!$C$4:$C$100)>0,COUNTA('FAMILY CV'!$C$4:$C$100),#N/A) -> 6 | B36: {=SUMPRODUCT( ('FAMILY CV'!$C$4:$C$100<>"")* ('FAMILY CV'!$G$4:$G$100='FAMILY CV'!$M$6)* ('FAMILY CV'!$K$4:$K$100='FAMILY CV'!$M$4))} -> 0 | C36: {=SUMPRODUCT( ('FAMILY CV'!$C$4:$C$100<>"")* ('FAMILY CV'!$G$4:$G$100="")* ('FAMILY CV'!$K$4:$K$100='FAMILY CV'!$M$4))} -> 0 | D36: {=SUMPRODUCT( ('FAMILY CV'!$C$4:$C$100<>"")* ('FAMILY CV'!$G$4:$G$100="")* ('FAMILY CV'!$K$4:$K$100='FAMILY CV'!$L$4))+ SUMPRODUCT( ('FAMILY CV'!$C$4:$C$100<>"")* ('FAMILY CV'!$G$4:$G$100='FAMILY CV'!$M$6)* ('FAMILY CV'!$K$4:$K$100='FAMILY CV'!$L$4))} -> 1 | F36: {=SUMPRODUCT( ('FAMILY CV'!$C$4:$C$100<>"")* ('FAMILY CV'!$G$4:$G$100<>"")* ('FAMILY CV'!$G$4:$G$100='FAMILY CV'!$M$5)* ('FAMILY CV'!$J$4:$J$100="OK"))} -> 5 | G36: {=SUMPRODUCT( ('FAMILY CV'!$C$4:$C$100<>"")* ('FAMILY CV'!$G$4:$G$100<>"")* ('FAMILY CV'!$J$4:$J$100="DA ELIMINARE"))} -> 0 | H36: {=SUMPRODUCT( ('FAMILY CV'!$C$4:$C$100<>"")* ('FAMILY CV'!$G$4:$G$100="")* ('FAMILY CV'!$K$4:$K$100='FAMILY CV'!$L$4))+ SUMPRODUCT( ('FAMILY CV'!$C$4:$C$100<>"")* ('FAMILY CV'!$G$4:$G$100='FAMILY CV'!$M$6)* ('FAMILY CV'!$K$4:$K$100='FAMILY CV'!$L$4))} -> 1
A37: =$I37&"; "&$J37&$A39 -> Megalò; MNP TOT 47 | I37: Megalò | J37: MNP TOT
A38: MNP ToT | B38: MNP in Lavorazione | C38: MNP Da Esitare Non Scadute | D38: MNP Da Esitare ScaduteT0 | E38: MNP Da Esitare ScaduteT1 | F38: MNP OK | G38: MNP KO | H38: MNP Non Lavorate
A39: =IF(COUNTA('MNP Megalò'!$C$4:$C$100)>0,COUNTA('MNP Megalò'!$C$4:$C$100),#N/A) -> 47 | B39: {=SUMPRODUCT( ('MNP Megalò'!$I$4:$I$100='MNP Megalò'!$Q$6) * ((('MNP Megalò'!$J$4:$J$100="") + ('MNP Megalò'!$J$4:$J$100>0))>0) * ((('MNP Megalò'!$K$4:$K$100="") + ('MNP Megalò'!$K$4:$K$100>0))>0) * ('MNP Megalò'!$N$4:$N$100='MNP Megalò'!$Q$4) * ((('MNP Megalò'!$O$4:$O$100='MNP Megalò'!$T$4) + ('MNP Megalò'!$O$4:$O$100='MNP Megalò'!$P$6))>0) )} -> 0 | C39: {=SUMPRODUCT( ('MNP Megalò'!$C$4:$C$100<>"") * ('MNP Megalò'!$M$4:$M$100="") * ('MNP Megalò'!$N$4:$N$100='MNP Megalò'!$Q$4) * ((('MNP Megalò'!$O$4:$O$100='MNP Megalò'!$T$4) + ('MNP Megalò'!$O$4:$O$100='MNP Megalò'!$P$6))>0) )} -> 0 | D39: {=SUMPRODUCT( ('MNP Megalò'!$C$4:$C$100<>"") * ('MNP Megalò'!$M$4:$M$100="") * ('MNP Megalò'!$K$4:$K$100="") * ('MNP Megalò'!$N$4:$N$100='MNP Megalò'!$P$4) * ((('MNP Megalò'!$I$4:$I$100="") + ('MNP Megalò'!$I$4:$I$100='MNP Megalò'!$Q$6)) > 0) )} -> 3 | E39: {=SUMPRODUCT( ('MNP Megalò'!$C$4:$C$100<>"") * ('MNP Megalò'!$M$4:$M$100="") * ('MNP Megalò'!$K$4:$K$100="") * ('MNP Megalò'!$O$4:$O$100='MNP Megalò'!$P$4) * ((('MNP Megalò'!$J$4:$J$100="") + ('MNP Megalò'!$J$4:$J$100='MNP Megalò'!$Q$6)) > 0) )} -> 10 | F39: =SUM( COUNTIFS( 'MNP Megalò'!$I$4:$I$100, 'MNP Megalò'!$Q$5, 'MNP Megalò'!$J$4:$J$100, 'MNP Megalò'!$T$5, 'MNP Megalò'!$K$4:$K$100, "", 'MNP Megalò'!$N$4:$N$100, 'MNP Megalò'!$P$4, 'MNP Megalò'!$I$4:$I$100, "<>" & 'MNP Megalò'!$Q$7, 'MNP Megalò'!$J$4:$J$100, "<>" & 'MNP Megalò'!$Q$7 ) + COUNTIFS( 'MNP Megalò'!$I$4:$I$100, 'MNP Megalò'!$Q$5, 'MNP Megalò'!$J$4:$J$100, 'MNP Megalò'!$T$5, 'MNP Megalò'!$K$4:$K$100, 'MNP Megalò'!$V$5, 'MNP Megalò'!$N$4:$N$100, 'MNP Megalò'!$P$4, 'MNP Megalò'!$I$4:$I$100, "<>" & 'MNP Megalò'!$Q$7, 'MNP Megalò'!$J$4:$J$100, "<>" & 'MNP Megalò'!$Q$7 ) ) -> 29 | G39: =COUNTIFS( 'MNP Megalò'!$C$4:$C$100,"<>", 'MNP Megalò'!$M$4:$M$100,"DA ELIMINARE" ) -> 0 | H39: {=SUMPRODUCT( ('MNP Megalò'!$C$4:$C$100<>"") * (('MNP Megalò'!$I$4:$I$100="") + ('MNP Megalò'!$I$4:$I$100='MNP Megalò'!$Q$6)) * ('MNP Megalò'!$N$4:$N$100='MNP Megalò'!$P$4) * ('MNP Megalò'!$J$4:$J$100="") * ('MNP Megalò'!$O$4:$O$100='MNP Megalò'!$P$4) )} -> 0
A40: =$I40&"; "&$J40&$A42 -> Megalò; Family TOT 20 | I40: Megalò | J40: Family TOT
A41: Family ToT | B41: Family in Lavorazione | C41: Family Da Esitare | D41: Family Da Esitare Scadute | F41: Family Ok | G41: Family Ko | H41: Family Non Lavorate
A42: =IF(COUNTA('FAMILY Megalò'!$C$4:$C$100)>0,COUNTA('FAMILY Megalò'!$C$4:$C$100),#N/A) -> 20 | B42: {=SUMPRODUCT( ('FAMILY Megalò'!$C$4:$C$100<>"")* ('FAMILY Megalò'!$G$4:$G$100='FAMILY Megalò'!$M$6)* ('FAMILY Megalò'!$K$4:$K$100='FAMILY Megalò'!$M$4))} -> 0 | C42: {=SUMPRODUCT( ('FAMILY Megalò'!$C$4:$C$100<>"")* ('FAMILY Megalò'!$G$4:$G$100="")* ('FAMILY Megalò'!$K$4:$K$100='FAMILY Megalò'!$M$4))} -> 0 | D42: {=SUMPRODUCT( ('FAMILY Megalò'!$C$4:$C$100<>"")* ('FAMILY Megalò'!$G$4:$G$100="")* ('FAMILY Megalò'!$K$4:$K$100='FAMILY Megalò'!$L$4))+ SUMPRODUCT( ('FAMILY Megalò'!$C$4:$C$100<>"")* ('FAMILY Megalò'!$G$4:$G$100='FAMILY Megalò'!$M$6)* ('FAMILY Megalò'!$K$4:$K$100='FAMILY Megalò'!$L$4))} -> 4 | F42: {=SUMPRODUCT( ('FAMILY Megalò'!$C$4:$C$100<>"")* ('FAMILY Megalò'!$G$4:$G$100<>"")* ('FAMILY Megalò'!$G$4:$G$100='FAMILY Megalò'!$M$5)* ('FAMILY Megalò'!$J$4:$J$100="OK"))} -> 16 | G42: {=SUMPRODUCT( ('FAMILY Megalò'!$C$4:$C$100<>"")* ('FAMILY Megalò'!$G$4:$G$100<>"")* ('FAMILY Megalò'!$J$4:$J$100="DA ELIMINARE"))} -> 0 | H42: {=SUMPRODUCT( ('FAMILY Megalò'!$C$4:$C$100<>"")* ('FAMILY Megalò'!$G$4:$G$100="")* ('FAMILY Megalò'!$K$4:$K$100='FAMILY Megalò'!$L$4))+ SUMPRODUCT( ('FAMILY Megalò'!$C$4:$C$100<>"")* ('FAMILY Megalò'!$G$4:$G$100='FAMILY Megalò'!$M$6)* ('FAMILY Megalò'!$K$4:$K$100='FAMILY Megalò'!$L$4))} -> 4
A43: =$I43&"; "&$J43&$A45 -> CSA; MNP TOT 50 | I43: CSA | J43: MNP TOT
A44: MNP ToT | B44: MNP in Lavorazione | C44: MNP Da Esitare Non Scadute | D44: MNP Da Esitare ScaduteT0 | E44: MNP Da Esitare ScaduteT1 | F44: MNP OK | G44: MNP KO | H44: MNP Non Lavorate
A45: =IF(COUNTA('MNP CSA'!$C$4:$C$100)>0,COUNTA('MNP CSA'!$C$4:$C$100),#N/A) -> 50 | B45: {=SUMPRODUCT( ('MNP CSA'!$I$4:$I$100='MNP CSA'!$Q$6) * ((('MNP CSA'!$J$4:$J$100="") + ('MNP CSA'!$J$4:$J$100>0))>0) * ((('MNP CSA'!$K$4:$K$100="") + ('MNP CSA'!$K$4:$K$100>0))>0) * ('MNP CSA'!$N$4:$N$100='MNP CSA'!$Q$4) * ((('MNP CSA'!$O$4:$O$100='MNP CSA'!$T$4) + ('MNP CSA'!$O$4:$O$100='MNP CSA'!$P$6))>0) )} -> 0 | C45: {=SUMPRODUCT( ('MNP CSA'!$C$4:$C$100<>"") * ('MNP CSA'!$M$4:$M$100="") * ('MNP CSA'!$N$4:$N$100='MNP CSA'!$Q$4) * ((('MNP CSA'!$O$4:$O$100='MNP CSA'!$T$4) + ('MNP CSA'!$O$4:$O$100='MNP CSA'!$P$6))>0) )} -> 0 | D45: {=SUMPRODUCT( ('MNP CSA'!$C$4:$C$100<>"") * ('MNP CSA'!$M$4:$M$100="") * ('MNP CSA'!$K$4:$K$100="") * ('MNP CSA'!$N$4:$N$100='MNP CSA'!$P$4) * ((('MNP CSA'!$I$4:$I$100="") + ('MNP CSA'!$I$4:$I$100='MNP CSA'!$Q$6)) > 0) )} -> 0 | E45: {=SUMPRODUCT( ('MNP CSA'!$C$4:$C$100<>"") * ('MNP CSA'!$M$4:$M$100="") * ('MNP CSA'!$K$4:$K$100="") * ('MNP CSA'!$O$4:$O$100='MNP CSA'!$P$4) * ((('MNP CSA'!$J$4:$J$100="") + ('MNP CSA'!$J$4:$J$100='MNP CSA'!$Q$6)) > 0) )} -> 0 | F45: =SUM( COUNTIFS( 'MNP CSA'!$I$4:$I$100, 'MNP CSA'!$Q$5, 'MNP CSA'!$J$4:$J$100, 'MNP CSA'!$T$5, 'MNP CSA'!$K$4:$K$100, "", 'MNP CSA'!$N$4:$N$100, 'MNP CSA'!$P$4, 'MNP CSA'!$I$4:$I$100, "<>" & 'MNP CSA'!$Q$7, 'MNP CSA'!$J$4:$J$100, "<>" & 'MNP CSA'!$Q$7 ) + COUNTIFS( 'MNP CSA'!$I$4:$I$100, 'MNP CSA'!$Q$5, 'MNP CSA'!$J$4:$J$100, 'MNP CSA'!$T$5, 'MNP CSA'!$K$4:$K$100, 'MNP CSA'!$V$5, 'MNP CSA'!$N$4:$N$100, 'MNP CSA'!$P$4, 'MNP CSA'!$I$4:$I$100, "<>" & 'MNP CSA'!$Q$7, 'MNP CSA'!$J$4:$J$100, "<>" & 'MNP CSA'!$Q$7 ) ) -> 20 | G45: =COUNTIFS( 'MNP CSA'!$C$4:$C$100,"<>", 'MNP CSA'!$M$4:$M$100,"DA ELIMINARE" ) -> 4 | H45: {=SUMPRODUCT( ('MNP CSA'!$C$4:$C$100<>"") * (('MNP CSA'!$I$4:$I$100="") + ('MNP CSA'!$I$4:$I$100='MNP CSA'!$Q$6)) * ('MNP CSA'!$N$4:$N$100='MNP CSA'!$P$4) * ('MNP CSA'!$J$4:$J$100="") * ('MNP CSA'!$O$4:$O$100='MNP CSA'!$P$4) )} -> 3
A46: =$I46&"; "&$J46&$A48 -> CSA; Family TOT 27 | I46: CSA | J46: Family TOT
A47: Family ToT | B47: Family in Lavorazione | C47: Family Da Esitare | D47: Family Da Esitare Scadute | F47: Family Ok | G47: Family Ko | H47: Family Non Lavorate
A48: =IF(COUNTA('FAMILY CSA'!$C$4:$C$100)>0,COUNTA('FAMILY CSA'!$C$4:$C$100),#N/A) -> 27 | B48: {=SUMPRODUCT( ('FAMILY CSA'!$C$4:$C$100<>"")* ('FAMILY CSA'!$G$4:$G$100='FAMILY CSA'!$M$6)* ('FAMILY CSA'!$K$4:$K$100='FAMILY CSA'!$M$4))} -> 0 | C48: {=SUMPRODUCT( ('FAMILY CSA'!$C$4:$C$100<>"")* ('FAMILY CSA'!$G$4:$G$100="")* ('FAMILY CSA'!$K$4:$K$100='FAMILY CSA'!$M$4))} -> 0 | D48: {=SUMPRODUCT( ('FAMILY CSA'!$C$4:$C$100<>"")* ('FAMILY CSA'!$G$4:$G$100="")* ('FAMILY CSA'!$K$4:$K$100='FAMILY CSA'!$L$4))+ SUMPRODUCT( ('FAMILY CSA'!$C$4:$C$100<>"")* ('FAMILY CSA'!$G$4:$G$100='FAMILY CSA'!$M$6)* ('FAMILY CSA'!$K$4:$K$100='FAMILY CSA'!$L$4))} -> 0 | F48: {=SUMPRODUCT( ('FAMILY CSA'!$C$4:$C$100<>"")* ('FAMILY CSA'!$G$4:$G$100<>"")* ('FAMILY CSA'!$G$4:$G$100='FAMILY CSA'!$M$5)* ('FAMILY CSA'!$J$4:$J$100="OK"))} -> 25 | G48: {=SUMPRODUCT( ('FAMILY CSA'!$C$4:$C$100<>"")* ('FAMILY CSA'!$G$4:$G$100<>"")* ('FAMILY CSA'!$J$4:$J$100="DA ELIMINARE"))} -> 2 | H48: {=SUMPRODUCT( ('FAMILY CSA'!$C$4:$C$100<>"")* ('FAMILY CSA'!$G$4:$G$100="")* ('FAMILY CSA'!$K$4:$K$100='FAMILY CSA'!$L$4))+ SUMPRODUCT( ('FAMILY CSA'!$C$4:$C$100<>"")* ('FAMILY CSA'!$G$4:$G$100='FAMILY CSA'!$M$6)* ('FAMILY CSA'!$K$4:$K$100='FAMILY CSA'!$L$4))} -> 0
A49: =$I49&"; "&$J49&$A51 -> Porto Grande; MNP TOT 41 | I49: Porto Grande | J49: MNP TOT
A50: MNP ToT | B50: MNP in Lavorazione | C50: MNP Da Esitare Non Scadute | D50: MNP Da Esitare ScaduteT0 | E50: MNP Da Esitare ScaduteT1 | F50: MNP OK | G50: MNP KO | H50: MNP Non Lavorate
A51: =IF(COUNTA('MNP PG'!$C$4:$C$100)>0,COUNTA('MNP PG'!$C$4:$C$100),#N/A) -> 41 | B51: {=SUMPRODUCT( ('MNP PG'!$I$4:$I$100='MNP PG'!$Q$6) * ((('MNP PG'!$J$4:$J$100="") + ('MNP PG'!$J$4:$J$100>0))>0) * ((('MNP PG'!$K$4:$K$100="") + ('MNP PG'!$K$4:$K$100>0))>0) * ('MNP PG'!$N$4:$N$100='MNP PG'!$Q$4) * ((('MNP PG'!$O$4:$O$100='MNP PG'!$T$4) + ('MNP PG'!$O$4:$O$100='MNP PG'!$P$6))>0) )} -> 0 | C51: {=SUMPRODUCT( ('MNP PG'!$C$4:$C$100<>"") * ('MNP PG'!$M$4:$M$100="") * ('MNP PG'!$N$4:$N$100='MNP PG'!$Q$4) * ((('MNP PG'!$O$4:$O$100='MNP PG'!$T$4) + ('MNP PG'!$O$4:$O$100='MNP PG'!$P$6))>0) )} -> 0 | D51: {=SUMPRODUCT( ('MNP PG'!$C$4:$C$100<>"") * ('MNP PG'!$M$4:$M$100="") * ('MNP PG'!$K$4:$K$100="") * ('MNP PG'!$N$4:$N$100='MNP PG'!$P$4) * ((('MNP PG'!$I$4:$I$100="") + ('MNP PG'!$I$4:$I$100='MNP PG'!$Q$6)) > 0) )} -> 0 | E51: {=SUMPRODUCT( ('MNP PG'!$C$4:$C$100<>"") * ('MNP PG'!$M$4:$M$100="") * ('MNP PG'!$K$4:$K$100="") * ('MNP PG'!$O$4:$O$100='MNP PG'!$P$4) * ((('MNP PG'!$J$4:$J$100="") + ('MNP PG'!$J$4:$J$100='MNP PG'!$Q$6)) > 0) )} -> 0 | F51: =SUM( COUNTIFS( 'MNP PG'!$I$4:$I$100, 'MNP PG'!$Q$5, 'MNP PG'!$J$4:$J$100, 'MNP PG'!$T$5, 'MNP PG'!$K$4:$K$100, "", 'MNP PG'!$N$4:$N$100, 'MNP PG'!$P$4, 'MNP PG'!$I$4:$I$100, "<>" & 'MNP PG'!$Q$7, 'MNP PG'!$J$4:$J$100, "<>" & 'MNP PG'!$Q$7 ) + COUNTIFS( 'MNP PG'!$I$4:$I$100, 'MNP PG'!$Q$5, 'MNP PG'!$J$4:$J$100, 'MNP PG'!$T$5, 'MNP PG'!$K$4:$K$100, 'MNP PG'!$V$5, 'MNP PG'!$N$4:$N$100, 'MNP PG'!$P$4, 'MNP PG'!$I$4:$I$100, "<>" & 'MNP PG'!$Q$7, 'MNP PG'!$J$4:$J$100, "<>" & 'MNP PG'!$Q$7 ) ) -> 38 | G51: =COUNTIFS( 'MNP PG'!$C$4:$C$100,"<>", 'MNP PG'!$M$4:$M$100,"DA ELIMINARE" ) -> 2 | H51: {=SUMPRODUCT( ('MNP PG'!$C$4:$C$100<>"") * (('MNP PG'!$I$4:$I$100="") + ('MNP PG'!$I$4:$I$100='MNP PG'!$Q$6)) * ('MNP PG'!$N$4:$N$100='MNP PG'!$P$4) * ('MNP PG'!$J$4:$J$100="") * ('MNP PG'!$O$4:$O$100='MNP PG'!$P$4) )} -> 0
A52: =$I52&"; "&$J52&$A54 -> Porto Grande; Family TOT 24 | I52: Porto Grande | J52: Family TOT
A53: Family ToT | B53: Family in Lavorazione | C53: Family Da Esitare | D53: Family Da Esitare Scadute | F53: Family Ok | G53: Family Ko | H53: Family Non Lavorate
A54: =IF(COUNTA('FAMILY PG'!$C$4:$C$100)>0,COUNTA('FAMILY PG'!$C$4:$C$100),#N/A) -> 24 | B54: {=SUMPRODUCT( ('FAMILY PG'!$C$4:$C$100<>"")* ('FAMILY PG'!$G$4:$G$100='FAMILY PG'!$M$6)* ('FAMILY PG'!$K$4:$K$100='FAMILY PG'!$M$4))} -> 0 | C54: {=SUMPRODUCT( ('FAMILY PG'!$C$4:$C$100<>"")* ('FAMILY PG'!$G$4:$G$100="")* ('FAMILY PG'!$K$4:$K$100='FAMILY PG'!$M$4))} -> 0 | D54: {=SUMPRODUCT( ('FAMILY PG'!$C$4:$C$100<>"")* ('FAMILY PG'!$G$4:$G$100="")* ('FAMILY PG'!$K$4:$K$100='FAMILY PG'!$L$4))+ SUMPRODUCT( ('FAMILY PG'!$C$4:$C$100<>"")* ('FAMILY PG'!$G$4:$G$100='FAMILY PG'!$M$6)* ('FAMILY PG'!$K$4:$K$100='FAMILY PG'!$L$4))} -> 0 | F54: {=SUMPRODUCT( ('FAMILY PG'!$C$4:$C$100<>"")* ('FAMILY PG'!$G$4:$G$100<>"")* ('FAMILY PG'!$G$4:$G$100='FAMILY PG'!$M$5)* ('FAMILY PG'!$J$4:$J$100="OK"))} -> 24 | G54: {=SUMPRODUCT( ('FAMILY PG'!$C$4:$C$100<>"")* ('FAMILY PG'!$G$4:$G$100<>"")* ('FAMILY PG'!$J$4:$J$100="DA ELIMINARE"))} -> 0 | H54: {=SUMPRODUCT( ('FAMILY PG'!$C$4:$C$100<>"")* ('FAMILY PG'!$G$4:$G$100="")* ('FAMILY PG'!$K$4:$K$100='FAMILY PG'!$L$4))+ SUMPRODUCT( ('FAMILY PG'!$C$4:$C$100<>"")* ('FAMILY PG'!$G$4:$G$100='FAMILY PG'!$M$6)* ('FAMILY PG'!$K$4:$K$100='FAMILY PG'!$L$4))} -> 0
A55: =$I55&"; "&$J55&$A57 -> Vasto; MNP TOT 18 | I55: Vasto | J55: MNP TOT
A56: MNP ToT | B56: MNP in Lavorazione | C56: MNP Da Esitare Non Scadute | D56: MNP Da Esitare ScaduteT0 | E56: MNP Da Esitare ScaduteT1 | F56: MNP OK | G56: MNP KO | H56: MNP Non Lavorate
A57: =IF(COUNTA('MNP Vasto'!$C$4:$C$100)>0,COUNTA('MNP Vasto'!$C$4:$C$100),#N/A) -> 18 | B57: {=SUMPRODUCT( ('MNP Vasto'!$I$4:$I$100='MNP Vasto'!$Q$6) * ((('MNP Vasto'!$J$4:$J$100="") + ('MNP Vasto'!$J$4:$J$100>0))>0) * ((('MNP Vasto'!$K$4:$K$100="") + ('MNP Vasto'!$K$4:$K$100>0))>0) * ('MNP Vasto'!$N$4:$N$100='MNP Vasto'!$Q$4) * ((('MNP Vasto'!$O$4:$O$100='MNP Vasto'!$T$4) + ('MNP Vasto'!$O$4:$O$100='MNP Vasto'!$P$6))>0) )} -> 0 | C57: {=SUMPRODUCT( ('MNP Vasto'!$C$4:$C$100<>"") * ('MNP Vasto'!$M$4:$M$100="") * ('MNP Vasto'!$N$4:$N$100='MNP Vasto'!$Q$4) * ((('MNP Vasto'!$O$4:$O$100='MNP Vasto'!$T$4) + ('MNP Vasto'!$O$4:$O$100='MNP Vasto'!$P$6))>0) )} -> 0 | D57: {=SUMPRODUCT( ('MNP Vasto'!$C$4:$C$100<>"") * ('MNP Vasto'!$M$4:$M$100="") * ('MNP Vasto'!$K$4:$K$100="") * ('MNP Vasto'!$N$4:$N$100='MNP Vasto'!$P$4) * ((('MNP Vasto'!$I$4:$I$100="") + ('MNP Vasto'!$I$4:$I$100='MNP Vasto'!$Q$6)) > 0) )} -> 0 | E57: {=SUMPRODUCT( ('MNP Vasto'!$C$4:$C$100<>"") * ('MNP Vasto'!$M$4:$M$100="") * ('MNP Vasto'!$K$4:$K$100="") * ('MNP Vasto'!$O$4:$O$100='MNP Vasto'!$P$4) * ((('MNP Vasto'!$J$4:$J$100="") + ('MNP Vasto'!$J$4:$J$100='MNP Vasto'!$Q$6)) > 0) )} -> 0 | F57: =SUM( COUNTIFS( 'MNP Vasto'!$I$4:$I$100, 'MNP Vasto'!$Q$5, 'MNP Vasto'!$J$4:$J$100, 'MNP Vasto'!$T$5, 'MNP Vasto'!$K$4:$K$100, "", 'MNP Vasto'!$N$4:$N$100, 'MNP Vasto'!$P$4, 'MNP Vasto'!$I$4:$I$100, "<>" & 'MNP Vasto'!$Q$7, 'MNP Vasto'!$J$4:$J$100, "<>" & 'MNP Vasto'!$Q$7 ) + COUNTIFS( 'MNP Vasto'!$I$4:$I$100, 'MNP Vasto'!$Q$5, 'MNP Vasto'!$J$4:$J$100, 'MNP Vasto'!$T$5, 'MNP Vasto'!$K$4:$K$100, 'MNP Vasto'!$V$5, 'MNP Vasto'!$N$4:$N$100, 'MNP Vasto'!$P$4, 'MNP Vasto'!$I$4:$I$100, "<>" & 'MNP Vasto'!$Q$7, 'MNP Vasto'!$J$4:$J$100, "<>" & 'MNP Vasto'!$Q$7 ) ) -> 16 | G57: =COUNTIFS( 'MNP Vasto'!$C$4:$C$100,"<>", 'MNP Vasto'!$M$4:$M$100,"DA ELIMINARE" ) -> 1 | H57: {=SUMPRODUCT( ('MNP Vasto'!$C$4:$C$100<>"") * (('MNP Vasto'!$I$4:$I$100="") + ('MNP Vasto'!$I$4:$I$100='MNP Vasto'!$Q$6)) * ('MNP Vasto'!$N$4:$N$100='MNP Vasto'!$P$4) * ('MNP Vasto'!$J$4:$J$100="") * ('MNP Vasto'!$O$4:$O$100='MNP Vasto'!$P$4) )} -> 0
A58: =$I58&"; "&$J58&$A60 -> Vasto; Family TOT 15 | I58: Vasto | J58: Family TOT
A59: Family ToT | B59: Family in Lavorazione | C59: Family Da Esitare | D59: Family Da Esitare Scadute | F59: Family Ok | G59: Family Ko | H59: Family Non Lavorate
A60: =IF(COUNTA('FAMILY Vasto'!$C$4:$C$100)>0,COUNTA('FAMILY Vasto'!$C$4:$C$100),#N/A) -> 15 | B60: {=SUMPRODUCT( ('FAMILY Vasto'!$C$4:$C$100<>"")* ('FAMILY Vasto'!$G$4:$G$100='FAMILY Vasto'!$M$6)* ('FAMILY Vasto'!$K$4:$K$100='FAMILY Vasto'!$M$4))} -> 0 | C60: {=SUMPRODUCT( ('FAMILY Vasto'!$C$4:$C$100<>"")* ('FAMILY Vasto'!$G$4:$G$100="")* ('FAMILY Vasto'!$K$4:$K$100='FAMILY Vasto'!$M$4))} -> 0 | D60: {=SUMPRODUCT( ('FAMILY Vasto'!$C$4:$C$100<>"")* ('FAMILY Vasto'!$G$4:$G$100="")* ('FAMILY Vasto'!$K$4:$K$100='FAMILY Vasto'!$L$4))+ SUMPRODUCT( ('FAMILY Vasto'!$C$4:$C$100<>"")* ('FAMILY Vasto'!$G$4:$G$100='FAMILY Vasto'!$M$6)* ('FAMILY Vasto'!$K$4:$K$100='FAMILY Vasto'!$L$4))} -> 0 | F60: {=SUMPRODUCT( ('FAMILY Vasto'!$C$4:$C$100<>"")* ('FAMILY Vasto'!$G$4:$G$100<>"")* ('FAMILY Vasto'!$G$4:$G$100='FAMILY Vasto'!$M$5)* ('FAMILY Vasto'!$J$4:$J$100="OK"))} -> 15 | G60: {=SUMPRODUCT( ('FAMILY Vasto'!$C$4:$C$100<>"")* ('FAMILY Vasto'!$G$4:$G$100<>"")* ('FAMILY Vasto'!$J$4:$J$100="DA ELIMINARE"))} -> 0 | H60: {=SUMPRODUCT( ('FAMILY Vasto'!$C$4:$C$100<>"")* ('FAMILY Vasto'!$G$4:$G$100="")* ('FAMILY Vasto'!$K$4:$K$100='FAMILY Vasto'!$L$4))+ SUMPRODUCT( ('FAMILY Vasto'!$C$4:$C$100<>"")* ('FAMILY Vasto'!$G$4:$G$100='FAMILY Vasto'!$M$6)* ('FAMILY Vasto'!$K$4:$K$100='FAMILY Vasto'!$L$4))} -> 0

Sheet Main Per Grafico
A1: =IF(MainCalcoli!A1>0,MainCalcoli!A1,#N/A) -> Ancona; MNP TOT 28
A2: MNP ToT | B2: MNP in Lavorazione | C2: MNP Da Esitare Non Scadute | D2: MNP Da Esitare ScaduteT0 | E2: MNP Da Esitare ScaduteT1 | F2: MNP OK | G2: MNP KO | H2: =IF(MainCalcoli!H2>0,MainCalcoli!H2,#N/A) -> MNP Non Lavorate
A3: =IF(MainCalcoli!A3>0,MainCalcoli!A3,#N/A) -> 28 | B3: =IF(MainCalcoli!B3>0,MainCalcoli!B3,#N/A) -> #N/A | C3: =IF(MainCalcoli!C3>0,MainCalcoli!C3,#N/A) -> #N/A | D3: =IF(MainCalcoli!D3>0,MainCalcoli!D3,#N/A) -> #N/A | E3: =IF(MainCalcoli!E3>0,MainCalcoli!E3,#N/A) -> #N/A | F3: =IF(MainCalcoli!F3>0,MainCalcoli!F3,#N/A) -> 25 | G3: =IF(MainCalcoli!G3>0,MainCalcoli!G3,#N/A) -> 3 | H3: =IF(MainCalcoli!H3>0,MainCalcoli!H3,#N/A) -> #N/A
A4: =IF(MainCalcoli!A4>0,MainCalcoli!A4,#N/A) -> Ancona; Family TOT 6
A5: Family ToT | B5: Family in Lavorazione | C5: Family Da Esitare | D5: Family Da Esitare Scadute | F5: Family Ok | G5: Family Ko | H5: =IF(MainCalcoli!H5>0,MainCalcoli!H5,#N/A) -> Family Non Lavorate
A6: =IF(MainCalcoli!A6>0,MainCalcoli!A6,#N/A) -> 6 | B6: =IF(MainCalcoli!B6>0,MainCalcoli!B6,#N/A) -> #N/A | C6: =IF(MainCalcoli!C6>0,MainCalcoli!C6,#N/A) -> #N/A | D6: =IF(MainCalcoli!D6>0,MainCalcoli!D6,#N/A) -> 2 | E6: =IF(MainCalcoli!E6>0,MainCalcoli!E6,#N/A) -> #N/A | F6: =IF(MainCalcoli!F6>0,MainCalcoli!F6,#N/A) -> 4 | G6: =IF(MainCalcoli!G6>0,MainCalcoli!G6,#N/A) -> 2 | H6: =IF(MainCalcoli!H6>0,MainCalcoli!H6,#N/A) -> 2
A7: =IF(MainCalcoli!A7>0,MainCalcoli!A7,#N/A) -> Campobasso; MNP TOT 30 | B7: =IF(MainCalcoli!B7>0,MainCalcoli!B7,#N/A) -> #N/A | C7: =IF(MainCalcoli!C7>0,MainCalcoli!C7,#N/A) -> #N/A | D7: =IF(MainCalcoli!D7>0,MainCalcoli!D7,#N/A) -> #N/A | E7: =IF(MainCalcoli!E7>0,MainCalcoli!E7,#N/A) -> #N/A | F7: =IF(MainCalcoli!F7>0,MainCalcoli!F7,#N/A) -> #N/A | G7: =IF(MainCalcoli!G7>0,MainCalcoli!G7,#N/A) -> #N/A | H7: =IF(MainCalcoli!H7>0,MainCalcoli!H7,#N/A) -> #N/A
A8: =IF(MainCalcoli!A8>0,MainCalcoli!A8,#N/A) -> MNP ToT | B8: =IF(MainCalcoli!B8>0,MainCalcoli!B8,#N/A) -> MNP in Lavorazione | C8: =IF(MainCalcoli!C8>0,MainCalcoli!C8,#N/A) -> MNP Da Esitare Non Scadute | D8: =IF(MainCalcoli!D8>0,MainCalcoli!D8,#N/A) -> MNP Da Esitare ScaduteT0 | E8: =IF(MainCalcoli!E8>0,MainCalcoli!E8,#N/A) -> MNP Da Esitare ScaduteT1 | F8: =IF(MainCalcoli!F8>0,MainCalcoli!F8,#N/A) -> MNP OK | G8: =IF(MainCalcoli!G8>0,MainCalcoli!G8,#N/A) -> MNP KO | H8: =IF(MainCalcoli!H8>0,MainCalcoli!H8,#N/A) -> MNP Non Lavorate
A9: =IF(MainCalcoli!A9>0,MainCalcoli!A9,#N/A) -> 30 | B9: =IF(MainCalcoli!B9>0,MainCalcoli!B9,#N/A) -> #N/A | C9: =IF(MainCalcoli!C9>0,MainCalcoli!C9,#N/A) -> #N/A | D9: =IF(MainCalcoli!D9>0,MainCalcoli!D9,#N/A) -> #N/A | E9: =IF(MainCalcoli!E9>0,MainCalcoli!E9,#N/A) -> #N/A | F9: =IF(MainCalcoli!F9>0,MainCalcoli!F9,#N/A) -> 30 | G9: =IF(MainCalcoli!G9>0,MainCalcoli!G9,#N/A) -> #N/A | H9: =IF(MainCalcoli!H9>0,MainCalcoli!H9,#N/A) -> #N/A
A10: =IF(MainCalcoli!A10>0,MainCalcoli!A10,#N/A) -> Campobasso; Family TOT 6 | B10: =IF(MainCalcoli!B10>0,MainCalcoli!B10,#N/A) -> #N/A | C10: =IF(MainCalcoli!C10>0,MainCalcoli!C10,#N/A) -> #N/A | D10: =IF(MainCalcoli!D10>0,MainCalcoli!D10,#N/A) -> #N/A | E10: =IF(MainCalcoli!E10>0,MainCalcoli!E10,#N/A) -> #N/A | F10: =IF(MainCalcoli!F10>0,MainCalcoli!F10,#N/A) -> #N/A | G10: =IF(MainCalcoli!G10>0,MainCalcoli!G10,#N/A) -> #N/A | H10: =IF(MainCalcoli!H10>0,MainCalcoli!H10,#N/A) -> #N/A
A11: =IF(MainCalcoli!A11>0,MainCalcoli!A11,#N/A) -> Family ToT | B11: =IF(MainCalcoli!B11>0,MainCalcoli!B11,#N/A) -> Family in Lavorazione | C11: =IF(MainCalcoli!C11>0,MainCalcoli!C11,#N/A) -> Family Da Esitare | D11: =IF(MainCalcoli!D11>0,MainCalcoli!D11,#N/A) -> Family Da Esitare Scadute | E11: =IF(MainCalcoli!E11>0,MainCalcoli!E11,#N/A) -> #N/A | F11: =IF(MainCalcoli!F11>0,MainCalcoli!F11,#N/A) -> Family Ok | G11: =IF(MainCalcoli!G11>0,MainCalcoli!G11,#N/A) -> Family Ko | H11: =IF(MainCalcoli!H11>0,MainCalcoli!H11,#N/A) -> Family Non Lavorate
A12: =IF(MainCalcoli!A12>0,MainCalcoli!A12,#N/A) -> 6 | B12: =IF(MainCalcoli!B12>0,MainCalcoli!B12,#N/A) -> #N/A | C12: =IF(MainCalcoli!C12>0,MainCalcoli!C12,#N/A) -> #N/A | D12: =IF(MainCalcoli!D12>0,MainCalcoli!D12,#N/A) -> #N/A | E12: =IF(MainCalcoli!E12>0,MainCalcoli!E12,#N/A) -> #N/A | F12: =IF(MainCalcoli!F12>0,MainCalcoli!F12,#N/A) -> 6 | G12: =IF(MainCalcoli!G12>0,MainCalcoli!G12,#N/A) -> #N/A | H12: =IF(MainCalcoli!H12>0,MainCalcoli!H12,#N/A) -> #N/A
A13: =IF(MainCalcoli!A13>0,MainCalcoli!A13,#N/A) -> SGT; MNP TOT 43 | B13: =IF(MainCalcoli!B13>0,MainCalcoli!B13,#N/A) -> #N/A | C13: =IF(MainCalcoli!C13>0,MainCalcoli!C13,#N/A) -> #N/A | D13: =IF(MainCalcoli!D13>0,MainCalcoli!D13,#N/A) -> #N/A | E13: =IF(MainCalcoli!E13>0,MainCalcoli!E13,#N/A) -> #N/A | F13: =IF(MainCalcoli!F13>0,MainCalcoli!F13,#N/A) -> #N/A | G13: =IF(MainCalcoli!G13>0,MainCalcoli!G13,#N/A) -> #N/A | H13: =IF(MainCalcoli!H13>0,MainCalcoli!H13,#N/A) -> #N/A
A14: =IF(MainCalcoli!A14>0,MainCalcoli!A14,#N/A) -> MNP ToT | B14: =IF(MainCalcoli!B14>0,MainCalcoli!B14,#N/A) -> MNP in Lavorazione | C14: =IF(MainCalcoli!C14>0,MainCalcoli!C14,#N/A) -> MNP Da Esitare Non Scadute | D14: =IF(MainCalcoli!D14>0,MainCalcoli!D14,#N/A) -> MNP Da Esitare ScaduteT0 | E14: =IF(MainCalcoli!E14>0,MainCalcoli!E14,#N/A) -> MNP Da Esitare ScaduteT1 | F14: =IF(MainCalcoli!F14>0,MainCalcoli!F14,#N/A) -> MNP OK | G14: =IF(MainCalcoli!G14>0,MainCalcoli!G14,#N/A) -> MNP KO | H14: =IF(MainCalcoli!H14>0,MainCalcoli!H14,#N/A) -> MNP Non Lavorate
A15: =IF(MainCalcoli!A15>0,MainCalcoli!A15,#N/A) -> 43 | B15: =IF(MainCalcoli!B15>0,MainCalcoli!B15,#N/A) -> #N/A | C15: =IF(MainCalcoli!C15>0,MainCalcoli!C15,#N/A) -> #N/A | D15: =IF(MainCalcoli!D15>0,MainCalcoli!D15,#N/A) -> 30 | E15: =IF(MainCalcoli!E15>0,MainCalcoli!E15,#N/A) -> 40 | F15: =IF(MainCalcoli!F15>0,MainCalcoli!F15,#N/A) -> 3 | G15: =IF(MainCalcoli!G15>0,MainCalcoli!G15,#N/A) -> #N/A | H15: =IF(MainCalcoli!H15>0,MainCalcoli!H15,#N/A) -> 30
A16: =IF(MainCalcoli!A16>0,MainCalcoli!A16,#N/A) -> SGT; Family TOT 19 | B16: =IF(MainCalcoli!B16>0,MainCalcoli!B16,#N/A) -> #N/A | C16: =IF(MainCalcoli!C16>0,MainCalcoli!C16,#N/A) -> #N/A | D16: =IF(MainCalcoli!D16>0,MainCalcoli!D16,#N/A) -> #N/A | E16: =IF(MainCalcoli!E16>0,MainCalcoli!E16,#N/A) -> #N/A | F16: =IF(MainCalcoli!F16>0,MainCalcoli!F16,#N/A) -> #N/A | G16: =IF(MainCalcoli!G16>0,MainCalcoli!G16,#N/A) -> #N/A | H16: =IF(MainCalcoli!H16>0,MainCalcoli!H16,#N/A) -> #N/A
A17: =IF(MainCalcoli!A17>0,MainCalcoli!A17,#N/A) -> Family ToT | B17: =IF(MainCalcoli!B17>0,MainCalcoli!B17,#N/A) -> Family in Lavorazione | C17: =IF(MainCalcoli!C17>0,MainCalcoli!C17,#N/A) -> Family Da Esitare | D17: =IF(MainCalcoli!D17>0,MainCalcoli!D17,#N/A) -> Family Da Esitare Scadute | E17: =IF(MainCalcoli!E17>0,MainCalcoli!E17,#N/A) -> #N/A | F17: =IF(MainCalcoli!F17>0,MainCalcoli!F17,#N/A) -> Family Ok | G17: =IF(MainCalcoli!G17>0,MainCalcoli!G17,#N/A) -> Family Ko | H17: =IF(MainCalcoli!H17>0,MainCalcoli!H17,#N/A) -> Family Non Lavorate
... A60: =IF(MainCalcoli!A60>0,MainCalcoli!A60,#N/A) -> 15 | B60: =IF(MainCalcoli!B60>0,MainCalcoli!B60,#N/A) -> #N/A | C60: =IF(MainCalcoli!C60>0,MainCalcoli!C60,#N/A) -> #N/A | D60: =IF(MainCalcoli!D60>0,MainCalcoli!D60,#N/A) -> #N/A | E60: =IF(MainCalcoli!E60>0,MainCalcoli!E60,#N/A) -> #N/A | F60: =IF(MainCalcoli!F60>0,MainCalcoli!F60,#N/A) -> 15 | G60: =IF(MainCalcoli!G60>0,MainCalcoli!G60,#N/A) -> #N/A | H60: =IF(MainCalcoli!H60>0,MainCalcoli!H60,#N/A) -> #N/A

Sheet FAMILY Centro Dabruzzo
A1: SAN GIOVANNI TEATINO | B1: Column2 | C1: NEGOZIO DI RIFERIMENTO | D1: Column4 | E1: Column5 | F1: SELEZIONARE ESITO DAL MENÙ A TENDINA E | G1: Column7 | H1: Column8 | I1: Column9 | J1: Column10 | K1: Column11 | L1: Column12 | M1: Column13 | N1: Column14 | O1: Column15 | P1: Column16 | Q1: Column17
F2: AGGIUNGERE UN COMMENTO
A3: OPERATORE | B3: DATA | C3: TITOLO | D3: SIM | E3: TELEFONO | F3: DATA DI SCADENZA | G3: ESITO | H3: ESITO BO | I3: NOTE BO | J3: ESITO SUITE
A4: STEFANO CHIACCHIA | B4: 01/11/2025 | C4: ATTIVAZIONE CONVERGENZA FISSO - MOBILE | D4: 8939108640012759770 | E4: 3917580371 | F4: 45992 | G4: INSERITA IN FAMIGLIA | J4: OK | K4: SCADUTA | L4: SCADUTA | M4: NON SCADUTA | O4: TIPOLOGIA | Q4: INSERITA IN FAMIGLIA
A5: FEDERICA GIOIA PITUCCI | B5: 05/11/2025 | C5: ATTIVAZIONE CONVERGENZA FISSO - MOBILE | D5: 8939108630011262678 | E5: 32889113364 | F5: 45996 | G5: INSERITA IN FAMIGLIA | J5: OK | K5: SCADUTA | L5: ATTIVITÀ SCADUTA | M5: INSERITA IN FAMIGLIA | O5: SCADUTA | Q5: IN ATTESA DI NORMALIZZAZIONE
A6: FEDERICA GIOIA PITUCCI | B6: 05/11/2025 | C6: ATTIVAZIONE CONVERGENZA FISSO - MOBILE | D6: 8939108630011262371 | E6: 3247499151 | F6: 45996 | G6: INSERITA IN FAMIGLIA | J6: OK | K6: SCADUTA | M6: IN ATTESA DI NORMALIZZAZIONE | O6: NON SCADUTA | Q6: NON NORMALIZZABILE
A7: FEDERICA GIOIA PITUCCI | B7: 10/11/2025 | C7: ATTIVAZIONE CONVERGENZA FISSO - MOBILE | D7: 8939108650000873459 | E7: 3406723445 | F7: 46001 | K7: SCADUTA | M7: NON NORMALIZZABILE | Q7: MNP OUT
A8: STEFANO CHIACCHIA | B8: 14/11/2025 | C8: ATTIVAZIONE CONVERGENZA FISSO - MOBILE | D8: 8939108640012759432 | E8: 3914547340 | F8: 46005 | K8: SCADUTA | M8: MNP OUT
A9: GIANPIO APRILE | B9: 15/11/2025 | C9: ATTIVAZIONE CONVERGENZA FISSO - MOBILE | D9: 8939108640012797663 | E9: 3382067877 | F9: 46006 | K9: SCADUTA
A10: STEFANO CHIACCHIA | B10: 16/11/2025 | C10: ATTIVAZIONE CONVERGENZA FISSO - MOBILE | D10: 8939108640012797796 | E10: 3403791639 | F10: 46006 | K10: SCADUTA
A11: FEDERICA GIOIA PITUCCI | B11: 17/11/2025 | C11: ATTIVAZIONE CONVERGENZA FISSO - MOBILE | D11: 8939108640012759838 | E11: 3388735927 | F11: 46006 | K11: SCADUTA
A12: GIANPIO APRILE | B12: 17/11/2025 | C12: ATTIVAZIONE CONVERGENZA FISSO - MOBILE | D12: 8939108640012759150 | E12: 3476533069 | F12: 46006 | K12: SCADUTA
A13: STEFANO CHIACCHIA | B13: 21/11/2025 | C13: ATTIVAZIONE CONVERGENZA FISSO - MOBILE | D13: 8939108640012797895 | E13: 3272939802 | F13: 46006 | K13: SCADUTA
A14: FEDERICA GIOIA PITUCCI | B14: 22/11/2025 | C14: ATTIVAZIONE CONVERGENZA FISSO - MOBILE | D14: 8939108640012759945 | E14: 3395314894 | F14: 46006 | K14: SCADUTA
A15: FEDERICA GIOIA PITUCCI | B15: 23/11/2025 | C15: ATTIVAZIONE CONVERGENZA FISSO - MOBILE | D15: 8939108640012759168 | E15: 3891138828 | F15: 46006 | K15: SCADUTA
A16: FEDERICA GIOIA PITUCCI | B16: 23/11/2025 | C16: ATTIVAZIONE CONVERGENZA FISSO - MOBILE | D16: 8939108640012797697 | E16: 3476909067 | F16: 46006 | K16: SCADUTA
A17: FEDERICA GIOIA PITUCCI | B17: 25/11/2025 | C17: ATTIVAZIONE CONVERGENZA FISSO - MOBILE | D17: 8939108640012759374 | E17: 3397694212 | F17: 46006 | K17: SCADUTA
A18: FEDERICA GIOIA PITUCCI | B18: 25/11/2025 | C18: ATTIVAZIONE CONVERGENZA FISSO - MOBILE | D18: 8939108640012759978 | E18: 3281582927 | F18: 46006 | K18: SCADUTA
A19: FEDERICA GIOIA PITUCCI | B19: 26/11/2025 | C19: ATTIVAZIONE CONVERGENZA FISSO - MOBILE | D19: 8939108640012759515 | E19: 3662774876 | F19: 46006 | K19: SCADUTA
A20: FEDERICA GIOIA PITUCCI | B20: 26/11/2025 | C20: ATTIVAZIONE CONVERGENZA FISSO - MOBILE | D20: 8939108640012759655 | E20: 3703524244 | F20: 46006 | K20: SCADUTA
... A22: GIANPIO APRILE | B22: 29/11/2025 | C22: ATTIVAZIONE CONVERGENZA FISSO - MOBILE | D22: 8939108640012759648 | E22: 3298027480 | F22: 46006 | K22: SCADUTA

Sheet FAMILY CV
A1: PESCARA -VEII | B1: Column2 | C1: NEGOZIO DI RIFERIMENTO | D1: Column4 | E1: Column5 | F1: SELEZIONARE ESITO DAL MENÙ A TENDINA E | G1: Column7 | H1: Column8 | I1: Column9 | J1: Column10 | K1: Column11 | L1: Column12 | M1: Column13 | N1: Column14 | O1: Column15 | P1: Column16 | Q1: Column17
F2: AGGIUNGERE UN COMMENTO
A3: OPERATORE | B3: DATA | C3: TITOLO | D3: SIM | E3: TELEFONO | F3: DATA DI SCADENZA | G3: ESITO | H3: ESITO BO | I3: NOTE BO | J3: ESITO SUITE
A4: EMANUELE PASQUALONE | B4: 13/11/2025 | C4: ATTIVAZIONE CONVERGENZA FISSO - MOBILE | D4: 8939108660014933926 | E4: 3476049447 | F4: 46004 | G4: INSERITA IN FAMIGLIA | J4: OK | K4: SCADUTA | L4: SCADUTA | M4: NON SCADUTA | O4: TIPOLOGIA | Q4: INSERITA IN FAMIGLIA
A5: CARMELA RAUSO | B5: 13/11/2025 | C5: ATTIVAZIONE CONVERGENZA FISSO - MOBILE | D5: 8939108660014934817 | E5: 3279518525 | F5: 46004 | G5: INSERITA IN FAMIGLIA | J5: OK | K5: SCADUTA | L5: ATTIVITÀ SCADUTA | M5: INSERITA IN FAMIGLIA | O5: SCADUTA | Q5: IN ATTESA DI NORMALIZZAZIONE
A6: CARMELA RAUSO | B6: 14/11/2025 | C6: ATTIVAZIONE CONVERGENZA FISSO - MOBILE | D6: 8939108660014934809 | E6: 3482429952 | F6: 46005 | G6: INSERITA IN FAMIGLIA | J6: OK | K6: SCADUTA | M6: IN ATTESA DI NORMALIZZAZIONE | O6: NON SCADUTA | Q6: NON NORMALIZZABILE
A7: CARMELA RAUSO | B7: 14/11/2025 | C7: ATTIVAZIONE CONVERGENZA FISSO - MOBILE | D7: 8939108660014934080 | E7: 3497263988 | F7: 46005 | G7: INSERITA IN FAMIGLIA | J7: OK | K7: SCADUTA | M7: NON NORMALIZZABILE | Q7: MNP OUT
A8: UGO D'ONOFRIO | B8: 17/11/2025 | C8: ATTIVAZIONE CONVERGENZA FISSO - MOBILE | D8: 8939108640011142556 | E8: 3391092141 | F8: 46011 | G8: IN ATTESA DI NORMALIZZAZIONE | K8: SCADUTA | M8: MNP OUT
A9: PAOLO DE FUSCO | B9: 24/11/2025 | C9: ATTIVAZIONE CONVERGENZA FISSO - MOBILE | D9: 8939108660014934429 | E9: 3317195571 | F9: 46006 | G9: INSERITA IN FAMIGLIA | J9: OK | K9: SCADUTA

Sheet MNP CV
A1: PESCARA -VEII | B1: Column2 | C1: NEGOZIO DI RIFERIMENTO | D1: Column4 | E1: Column5 | F1: Column6 | G1: Column7 | H1: SELEZIONARE ESITO DAL MENÙ A TENDINA E | I1: Column9 | J1: Column10 | K1: Column11 | L1: Column12 | M1: Column13 | N1: Column14 | O1: Column15 | P1: Column16 | Q1: Column17 | R1: Column18 | S1: Column19 | T1: Column20 | U1: Column21 | V1: Column22 | W1: Column23
H2: AGGIUNGERE UN COMMENTO
A3: OPERATORE | B3: DATA | C3: TITOLO | D3: SIM | E3: TELEFONO | F3: VIRTUALE | G3: DATA DI SCADENZA MNP | H3: DATA DI SCADENZA T+1 | I3: ESITO MNP | J3: ESITO RINNOVO T+1 | K3: ESITO BO | L3: NOTE BO | M3: ESITO SUITE
A4: EMANUELE PASQUALONE | B4: 04/11/2025 | C4: ATTIVAZIONE SIM MNP - MASSMARKET | D4: 8939108640011142044 | E4: 3398361877 | F4: NO | G4: 45995 | H4: 46005 | I4: MNP EFFETTUATA | J4: RINNOVO EFFETTUATO | M4: OK | N4: SCADUTA | O4: SCADUTA | P4: SCADUTA | Q4: NON SCADUTA | R4: GESTIONE NON ATTIVA | S4: TIPOLOGIA | T4: NON SCADUTA T1 | U4: MNP EFFETTUATA | V4: ESITO BO
A5: PAOLO DE FUSCO | B5: 10/11/2025 | C5: ATTIVAZIONE SIM MNP - MASSMARKET | D5: 8939108640011142325 | E5: 3513127564 | F5: SI | G5: 46001 | H5: 46011 | I5: MNP EFFETTUATA | J5: RINNOVO EFFETTUATO | M5: OK | N5: SCADUTA | O5: SCADUTA | P5: ATTIVITÀ SCADUTA | Q5: MNP EFFETTUATA | S5: SCADUTA | T5: RINNOVO EFFETTUATO | U5: IN ATTESA DI NORMALIZZAZIONE | V5: OK
A6: PAOLO DE FUSCO | B6: 11/11/2025 | C6: ATTIVAZIONE SIM MNP - MASSMARKET | D6: 8939108650001099351 | E6: 3282433498 | F6: NO | G6: 46002 | H6: 46012 | I6: MNP EFFETTUATA | J6: RINNOVO EFFETTUATO | M6: OK | N6: SCADUTA | O6: SCADUTA | P6: GESTIONE NON ATTIVA | Q6: IN ATTESA DI NORMALIZZAZIONE | S6: NON SCADUTA | T6: SOTTO CREDITO | U6: NON NORMALIZZABILE | V6: IN ATTESA DI NORMALIZZAZIONE
A7: CARMELA RAUSO | B7: 12/11/2025 | C7: ATTIVAZIONE SIM MNP - MASSMARKET | D7: 8939108660014934221 | E7: 3333127640 | F7: NO | G7: 46003 | H7: 46013 | I7: MNP EFFETTUATA | J7: RINNOVO EFFETTUATO | M7: OK | N7: SCADUTA | O7: SCADUTA | Q7: NON NORMALIZZABILE | S7: GESTIONE NON ATTIVA | T7: MNP OUT | U7: MNP OUT | V7: NON NORMALIZZABILE
A8: PAOLO DE FUSCO | B8: 12/11/2025 | C8: SIM SCONTATA - ATTIVAZIONE SIM MNP - CONV. FISSO - MOBILE | D8: 8939108640011142606 | E8: 3270888324 | F8: SI | G8: 46003 | H8: 46013 | I8: MNP EFFETTUATA | J8: RINNOVO EFFETTUATO | M8: OK | N8: SCADUTA | O8: SCADUTA | Q8: MNP OUT | T8: NON NORMALIZZABILE | V8: MNP OUT
A9: EMANUELE PASQUALONE | B9: 13/11/2025 | C9: ATTIVAZIONE SIM MNP - MASSMARKET | D9: 8939108660014935111 | E9: 3935620705 | F9: NO | G9: 46004 | H9: 46014 | I9: MNP EFFETTUATA | J9: RINNOVO EFFETTUATO | M9: OK | N9: SCADUTA | O9: SCADUTA
A10: PAOLO DE FUSCO | B10: 13/11/2025 | C10: ATTIVAZIONE SIM MNP - MASSMARKET | D10: 8939108660014934965 | E10: 3455028237 | F10: NO | G10: 46004 | H10: 46014 | I10: MNP EFFETTUATA | J10: RINNOVO EFFETTUATO | M10: OK | N10: SCADUTA | O10: SCADUTA
A11: PAOLO DE FUSCO | B11: 13/11/2025 | C11: SIM SCONTATA - ATTIVAZIONE SIM MNP - CONV. FISSO - MOBILE | D11: 8939108660014934205 | E11: 3396871095 | F11: NO | G11: 46004 | H11: 46014 | I11: MNP EFFETTUATA | J11: RINNOVO EFFETTUATO | M11: OK | N11: SCADUTA | O11: SCADUTA
A12: EMANUELE PASQUALONE | B12: 13/11/2025 | C12: ATTIVAZIONE SIM MNP - CONVERGENZA FISSO - MOBILE | D12: 8939108660014933926 | E12: 3476049447 | F12: NO | G12: 46004 | H12: 46014 | I12: MNP EFFETTUATA | J12: RINNOVO EFFETTUATO | M12: OK | N12: SCADUTA | O12: SCADUTA
A13: CARMELA RAUSO | B13: 13/11/2025 | C13: ATTIVAZIONE SIM MNP - CONVERGENZA FISSO - MOBILE | D13: 8939108660014934817 | E13: 3279518525 | F13: NO | G13: 46004 | H13: 46014 | I13: MNP EFFETTUATA | J13: RINNOVO EFFETTUATO | M13: OK | N13: SCADUTA | O13: SCADUTA
A14: PAOLO DE FUSCO | B14: 14/11/2025 | C14: ATTIVAZIONE SIM MNP - MASSMARKET | D14: 8939108660014934064 | E14: 3270241109 | F14: SI | G14: 46005 | H14: 46015 | I14: MNP EFFETTUATA | J14: RINNOVO EFFETTUATO | M14: OK | N14: SCADUTA | O14: SCADUTA
A15: CARMELA RAUSO | B15: 15/11/2025 | C15: ATTIVAZIONE SIM MNP - MASSMARKET | D15: 8939108660014934288 | E15: 3297733280 | F15: NO | G15: 46006 | H15: 46016 | I15: MNP EFFETTUATA | J15: RINNOVO EFFETTUATO | M15: OK | N15: SCADUTA | O15: SCADUTA
A16: EMANUELE PASQUALONE | B16: 17/11/2025 | C16: ATTIVAZIONE SIM MNP - MASSMARKET | D16: 8939108660014935046 | E16: 3466355690 | F16: NO | G16: 46006 | H16: 46018 | I16: MNP EFFETTUATA | J16: RINNOVO EFFETTUATO | M16: OK | N16: SCADUTA | O16: SCADUTA
A17: UGO D'ONOFRIO | B17: 17/11/2025 | C17: ATTIVAZIONE SIM MNP - MASSMARKET | D17: 8939108640011141780 | E17: 3356433646 | F17: NO | G17: 46006 | H17: 46018 | I17: MNP EFFETTUATA | J17: RINNOVO EFFETTUATO | M17: OK | N17: SCADUTA | O17: SCADUTA
A18: PAOLO DE FUSCO | B18: 18/11/2025 | C18: ATTIVAZIONE SIM MNP - MASSMARKET | D18: 8939108640011142580 | E18: 3510931334 | F18: SI | G18: 46006 | H18: 46019 | I18: MNP EFFETTUATA | J18: RINNOVO EFFETTUATO | M18: OK | N18: SCADUTA | O18: SCADUTA
A19: UGO D'ONOFRIO | B19: 18/11/2025 | C19: SIM SCONTATA - ATTIVAZIONE SIM MNP - CONV. FISSO - MOBILE | D19: 8939108650001877731 | E19: 3294248755 | F19: NO | G19: 46006 | H19: 46019 | I19: MNP EFFETTUATA | J19: RINNOVO EFFETTUATO | M19: OK | N19: SCADUTA | O19: SCADUTA
A20: PAOLO DE FUSCO | B20: 21/11/2025 | C20: ATTIVAZIONE SIM MNP - MASSMARKET | D20: 8939108660014933736 | E20: 3510386169 | F20: NO | G20: 46011 | H20: 46022 | I20: IN ATTESA DI NORMALIZZAZIONE | J20: NON NORMALIZZABILE | M20: DA ELIMINARE | N20: SCADUTA | O20: SCADUTA
... A23: PAOLO DE FUSCO | B23: 24/11/2025 | C23: ATTIVAZIONE SIM MNP - CONVERGENZA FISSO - MOBILE | D23: 8939108660014934429 | E23: 3317195571 | F23: NO | G23: 46006 | H23: 46025 | I23: MNP EFFETTUATA | J23: RINNOVO EFFETTUATO | M23: OK | N23: SCADUTA | O23: SCADUTA
A24: UGO D'ONOFRIO | B24: 25/11/2025 | C24: ATTIVAZIONE SIM MNP - MASSMARKET | D24: 8939108660014934197 | E24: 3272698997 | F24: NO | G24: 46011 | H24: 46026 | I24: IN ATTESA DI NORMALIZZAZIONE | J24: RINNOVO EFFETTUATO | N24: SCADUTA | O24: SCADUTA
A25: UGO D'ONOFRIO | B25: 28/11/2025 | C25: SIM SCONTATA - ATTIVAZIONE SIM MNP - CONV. FISSO - MOBILE | D25: 8939108660014933884 | E25: 3298519272 | F25: NO | G25: 46006 | H25: 46027 | I25: MNP EFFETTUATA | J25: RINNOVO EFFETTUATO | M25: OK | N25: SCADUTA | O25: SCADUTA
A26: CARMELA RAUSO | B26: 29/11/2025 | C26: ATTIVAZIONE SIM MNP - MASSMARKET | D26: 8939108660014933868 | E26: 3474408635 | F26: NO | G26: 46006 | H26: 46027 | I26: MNP EFFETTUATA | J26: RINNOVO EFFETTUATO | M26: OK | N26: SCADUTA | O26: SCADUTA
A27: LUCA MORELLI | B27: 29/11/2025 | C27: ATTIVAZIONE SIM MNP - MASSMARKET | D27: 8939108660014934833 | E27: 3520264472 | F27: SI | G27: 46006 | H27: 46027 | I27: MNP EFFETTUATA | J27: RINNOVO EFFETTUATO | M27: OK | N27: SCADUTA | O27: SCADUTA

Sheet Graph Ancona Campobasso

Sheet Graph SGT Colonnella

Sheet Graph Conero CV

Sheet FAMILY PG
A1: PORTO GRANDE | B1: Column2 | C1: NEGOZIO DI RIFERIMENTO | D1: Column4 | E1: Column5 | F1: SELEZIONARE ESITO DAL MENÙ A TENDINA E | G1: Column7 | H1: Column8 | I1: Column9 | J1: Column10 | K1: Column11 | L1: Column12 | M1: Column13 | N1: Column14 | O1: Column15 | P1: Column16 | Q1: Column17
F2: AGGIUNGERE UN COMMENTO
A3: OPERATORE | B3: DATA | C3: TITOLO | D3: SIM | E3: TELEFONO | F3: DATA DI SCADENZA | G3: ESITO | H3: ESITO BO | I3: NOTE BO | J3: ESITO SUITE
A4: STEFANO SEBASTIANI | B4: 01/11/2025 | C4: ATTIVAZIONE CONVERGENZA FISSO - MOBILE | D4: 8939108640011231516 | E4: 3661861482 | F4: 45992 | G4: INSERITA IN FAMIGLIA | J4: OK | K4: SCADUTA | L4: SCADUTA | M4: NON SCADUTA | O4: TIPOLOGIA | Q4: INSERITA IN FAMIGLIA
A5: SAVERIO LA FORGIA | B5: 02/11/2025 | C5: ATTIVAZIONE CONVERGENZA FISSO - MOBILE | D5: 8939108630011266174 | E5: 3427499436 | F5: 45993 | G5: INSERITA IN FAMIGLIA | J5: OK | K5: SCADUTA | L5: ATTIVITÀ SCADUTA | M5: INSERITA IN FAMIGLIA | O5: SCADUTA | Q5: IN ATTESA DI NORMALIZZAZIONE
A6: STEFANO SEBASTIANI | B6: 08/11/2025 | C6: ATTIVAZIONE CONVERGENZA FISSO - MOBILE | D6: 8939108640012942814 | E6: 3278268391 | F6: 45999 | G6: INSERITA IN FAMIGLIA | J6: OK | K6: SCADUTA | M6: IN ATTESA DI NORMALIZZAZIONE | O6: NON SCADUTA | Q6: NON NORMALIZZABILE
A7: SAVERIO LA FORGIA | B7: 09/11/2025 | C7: ATTIVAZIONE CONVERGENZA FISSO - MOBILE | D7: 8939108630011265564 | E7: 3516356425 | F7: 46000 | G7: INSERITA IN FAMIGLIA | J7: OK | K7: SCADUTA | M7: NON NORMALIZZABILE | Q7: MNP OUT
A8: SAVERIO LA FORGIA | B8: 09/11/2025 | C8: ATTIVAZIONE CONVERGENZA FISSO - MOBILE | D8: 8939108630011265622 | E8: 3495204381 | F8: 46000 | G8: INSERITA IN FAMIGLIA | J8: OK | K8: SCADUTA | M8: MNP OUT
A9: SAVERIO LA FORGIA | B9: 09/11/2025 | C9: ATTIVAZIONE CONVERGENZA FISSO - MOBILE | D9: 8939108630011265267 | E9: 3517666045 | F9: 46000 | G9: INSERITA IN FAMIGLIA | J9: OK | K9: SCADUTA
A10: SAVERIO LA FORGIA | B10: 10/11/2025 | C10: ATTIVAZIONE CONVERGENZA FISSO - MOBILE | D10: 8939108630011265598 | E10: 3285814669 | F10: 46001 | G10: INSERITA IN FAMIGLIA | J10: OK | K10: SCADUTA
A11: STEFANO SEBASTIANI | B11: 16/11/2025 | C11: ATTIVAZIONE CONVERGENZA FISSO - MOBILE | D11: 8939108640012949405 | E11: 3270264776 | F11: 46006 | G11: INSERITA IN FAMIGLIA | J11: OK | K11: SCADUTA
A12: STEFANO SEBASTIANI | B12: 16/11/2025 | C12: ATTIVAZIONE CONVERGENZA FISSO - MOBILE | D12: 8939108660014733011 | E12: 3513799850 | F12: 46006 | G12: INSERITA IN FAMIGLIA | J12: OK | K12: SCADUTA
A13: SAVERIO LA FORGIA | B13: 19/11/2025 | C13: ATTIVAZIONE CONVERGENZA FISSO - MOBILE | D13: 8939108660014733029 | E13: 3338510898 | F13: 46006 | G13: INSERITA IN FAMIGLIA | J13: OK | K13: SCADUTA
A14: SAVERIO LA FORGIA | B14: 19/11/2025 | C14: ATTIVAZIONE CONVERGENZA FISSO - MOBILE | D14: 8939108660014733037 | E14: 3403299865 | F14: 46006 | G14: INSERITA IN FAMIGLIA | J14: OK | K14: SCADUTA
A15: STEFANO SEBASTIANI | B15: 21/11/2025 | C15: ATTIVAZIONE CONVERGENZA FISSO - MOBILE | D15: 8939108640012949371 | E15: 3481830413 | F15: 46006 | G15: INSERITA IN FAMIGLIA | J15: OK | K15: SCADUTA
A16: STEFANO SEBASTIANI | B16: 22/11/2025 | C16: ATTIVAZIONE CONVERGENZA FISSO - MOBILE | D16: 8939108660014732724 | E16: 3287188895 | F16: 46006 | G16: INSERITA IN FAMIGLIA | J16: OK | K16: SCADUTA
A17: SAVERIO LA FORGIA | B17: 23/11/2025 | C17: ATTIVAZIONE CONVERGENZA FISSO - MOBILE | D17: 8939108660014733441 | E17: 3313924653 | F17: 46006 | G17: INSERITA IN FAMIGLIA | J17: OK | K17: SCADUTA
A18: SAVERIO LA FORGIA | B18: 23/11/2025 | C18: ATTIVAZIONE CONVERGENZA FISSO - MOBILE | D18: 8939108660014733482 | E18: 3802603990 | F18: 46006 | G18: INSERITA IN FAMIGLIA | J18: OK | K18: SCADUTA
A19: SAVERIO LA FORGIA | B19: 24/11/2025 | C19: ATTIVAZIONE CONVERGENZA FISSO - MOBILE | D19: 8939108660014733599 | E19: 3474256274 | F19: 46006 | G19: INSERITA IN FAMIGLIA | J19: OK | K19: SCADUTA
A20: SAVERIO LA FORGIA | B20: 24/11/2025 | C20: ATTIVAZIONE CONVERGENZA FISSO - MOBILE | D20: 8939108660014733581 | E20: 3489899720 | F20: 46006 | G20: INSERITA IN FAMIGLIA | J20: OK | K20: SCADUTA
... A27: DOMENICO MUCCIGROSSO | B27: 30/11/2025 | C27: ATTIVAZIONE CONVERGENZA FISSO - MOBILE | D27: 8939108660014732781 | E27: 3491164890 | F27: 46006 | G27: INSERITA IN FAMIGLIA | J27: OK | K27: SCADUTA
